{
  "DataSummary" : {
    "Max" : 1417,
    "Median" : 950,
    "Dev" : 160.34901428222656,
    "Name" : "",
    "AreaCM2" : 0.28716491699218749,
    "LengthPIX" : 66.469352722167969,
    "Mean" : 936.33612060546875,
    "LengthCM" : 2.4925997257232666,
    "AreaPIX2" : 204.20616149902344,
    "Total" : 225657,
    "Min" : 406,
    "Type" : "Pencil"
  },
  "Name" : "Unnamed",
  "ROI3DPoints" : [
    "[-20.296392,-13.188995,-15.386087]",
    "[-20.296392,-12.805235,-14.692009]",
    "[-20.296392,-12.443590,-14.007544]",
    "[-20.296392,-12.177618,-13.364174]",
    "[-20.296392,-11.956135,-12.801079]",
    "[-20.296392,-11.786264,-12.198771]",
    "[-20.296392,-11.607651,-11.398010]",
    "[-20.296392,-11.487373,-10.553230]",
    "[-20.296392,-11.382059,-9.780010]",
    "[-20.296392,-11.239460,-9.100025]",
    "[-20.296392,-11.172043,-8.527855]",
    "[-20.296392,-11.127720,-7.867273]",
    "[-20.296392,-11.123062,-7.272776]",
    "[-20.296392,-11.142694,-6.488317]",
    "[-20.296392,-11.265375,-5.857399]",
    "[-20.296392,-11.900339,-5.448296]",
    "[-20.296392,-12.551880,-5.542028]",
    "[-20.296392,-13.160213,-5.917812]",
    "[-20.296392,-13.640121,-6.482956]",
    "[-20.296392,-13.906157,-7.191339]",
    "[-20.296392,-14.043566,-7.908106]",
    "[-20.296392,-14.156221,-8.622446]",
    "[-20.296392,-14.220016,-9.249754]",
    "[-20.296392,-14.285236,-10.014030]",
    "[-20.296392,-14.347532,-10.673937]",
    "[-20.296392,-14.481720,-11.452404]",
    "[-20.296392,-14.671074,-12.078545]",
    "[-20.296392,-14.955757,-12.797194]",
    "[-20.296392,-15.225975,-13.509274]",
    "[-20.296392,-15.413572,-14.106970]",
    "[-20.296392,-15.580593,-14.719990]",
    "[-20.296392,-15.440741,-15.421381]",
    "[-20.296392,-14.970297,-15.997791]",
    "[-20.296392,-14.387667,-16.265720]",
    "[-20.296392,-13.762568,-15.959940]"
  ],
  "Slice" : 109,
  "DataValues" : [
    1015,
    1001,
    962,
    839,
    693,
    999,
    1022,
    1005,
    1024,
    908,
    684,
    1014,
    1007,
    1001,
    1002,
    986,
    900,
    759,
    930,
    992,
    1053,
    1060,
    1005,
    1000,
    921,
    749,
    663,
    917,
    1006,
    1035,
    1045,
    1024,
    974,
    917,
    747,
    665,
    934,
    1008,
    1034,
    1064,
    1025,
    950,
    954,
    777,
    668,
    957,
    1037,
    1019,
    1055,
    1051,
    994,
    964,
    771,
    662,
    954,
    999,
    1029,
    1122,
    1077,
    1003,
    956,
    733,
    655,
    872,
    960,
    1019,
    1054,
    1145,
    1091,
    990,
    906,
    709,
    852,
    948,
    1003,
    1073,
    1192,
    1079,
    979,
    940,
    772,
    867,
    994,
    998,
    1140,
    1158,
    1041,
    972,
    961,
    711,
    944,
    1002,
    1027,
    1168,
    1134,
    1012,
    952,
    912,
    742,
    933,
    993,
    1092,
    1282,
    1195,
    1046,
    957,
    929,
    756,
    959,
    960,
    1103,
    1265,
    1133,
    978,
    962,
    890,
    765,
    955,
    1008,
    1187,
    1300,
    1136,
    969,
    964,
    847,
    726,
    1010,
    1022,
    1184,
    1221,
    1107,
    952,
    969,
    864,
    878,
    1014,
    1106,
    1379,
    1336,
    1101,
    971,
    929,
    840,
    892,
    979,
    1192,
    1413,
    1252,
    1058,
    931,
    943,
    791,
    913,
    864,
    862,
    416,
    795,
    887,
    939,
    912,
    663,
    809,
    835,
    904,
    571,
    406,
    875,
    881,
    973,
    799,
    661,
    865,
    910,
    1068,
    974,
    1417,
    1341,
    991,
    1008,
    780,
    885,
    959,
    1124,
    1140,
    1112,
    1117,
    938,
    971,
    714,
    825,
    900,
    925,
    1068,
    895,
    827,
    916,
    935,
    789,
    857,
    888,
    977,
    989,
    904,
    930,
    932,
    847,
    643,
    874,
    926,
    955,
    914,
    833,
    864,
    859,
    725,
    853,
    909,
    912,
    894,
    879,
    861,
    771,
    611,
    876,
    939,
    906,
    899,
    802,
    743,
    631,
    852,
    881,
    831,
    781,
    685,
    550,
    826,
    756,
    651,
    508,
    655
  ],
  "ROIPoints" : [
    "[227.063004,245.229328]",
    "[228.086365,243.378446]",
    "[229.050743,241.553207]",
    "[229.760010,239.837551]",
    "[230.350624,238.335962]",
    "[230.803616,236.729814]",
    "[231.279927,234.594453]",
    "[231.600663,232.341713]",
    "[231.881497,230.279790]",
    "[232.261769,228.466496]",
    "[232.441540,226.940698]",
    "[232.559731,225.179155]",
    "[232.572152,223.593819]",
    "[232.519810,221.501944]",
    "[232.192662,219.819489]",
    "[230.499413,218.728551]",
    "[228.761982,218.978503]",
    "[227.139748,219.980595]",
    "[225.860001,221.487640]",
    "[225.150566,223.376657]",
    "[224.784146,225.288036]",
    "[224.483727,227.192949]",
    "[224.313618,228.865771]",
    "[224.139687,230.903841]",
    "[223.973576,232.663595]",
    "[223.615734,234.739502]",
    "[223.110791,236.409210]",
    "[222.351635,238.325613]",
    "[221.631051,240.224485]",
    "[221.130793,241.818340]",
    "[220.685408,243.453071]",
    "[221.058346,245.323438]",
    "[222.312867,246.860529]",
    "[223.866547,247.575017]",
    "[225.533478,246.759599]"
  ]
}