{
  "DataSummary" : {
    "Max" : 1007,
    "Median" : 840,
    "Dev" : 59.609149932861328,
    "Name" : "",
    "AreaCM2" : 0.19300998687744142,
    "LengthPIX" : 45.216808319091797,
    "Mean" : 846.61041259765625,
    "LengthCM" : 1.695630669593811,
    "AreaPIX2" : 137.25154113769531,
    "Total" : 130378,
    "Min" : 712,
    "Type" : "Pencil"
  },
  "Name" : "Unnamed",
  "ROI3DPoints" : [
    "[-16.496391,9.845839,-18.670982]",
    "[-16.496391,10.257036,-20.310703]",
    "[-16.496391,11.025164,-20.557346]",
    "[-16.496391,11.793291,-20.803978]",
    "[-16.496391,12.425657,-20.275410]",
    "[-16.496391,13.058012,-19.746853]",
    "[-16.496391,13.529074,-19.322174]",
    "[-16.496391,13.490622,-18.683760]",
    "[-16.496391,13.452158,-18.045345]",
    "[-16.496391,13.298887,-17.674809]",
    "[-16.496391,13.145605,-17.304272]",
    "[-16.496391,13.150137,-16.922096]",
    "[-16.496391,12.894270,-16.484715]",
    "[-16.496391,12.638414,-16.047333]",
    "[-16.496391,11.988859,-15.110891]",
    "[-16.496391,11.097834,-14.517298]",
    "[-16.496391,10.123724,-14.790623]",
    "[-16.496391,9.360598,-16.311319]",
    "[-16.496391,8.901323,-17.118774]",
    "[-16.496391,9.537363,-17.795212]"
  ],
  "Slice" : 119,
  "DataValues" : [
    964,
    892,
    877,
    881,
    881,
    900,
    836,
    825,
    866,
    855,
    883,
    805,
    842,
    776,
    824,
    845,
    896,
    833,
    785,
    807,
    765,
    817,
    810,
    822,
    862,
    872,
    833,
    777,
    770,
    754,
    771,
    811,
    808,
    877,
    941,
    861,
    853,
    796,
    784,
    774,
    742,
    798,
    800,
    857,
    937,
    944,
    880,
    811,
    796,
    798,
    780,
    763,
    770,
    804,
    871,
    925,
    916,
    923,
    914,
    846,
    822,
    804,
    768,
    779,
    762,
    807,
    848,
    878,
    879,
    922,
    875,
    811,
    811,
    748,
    804,
    778,
    802,
    833,
    887,
    844,
    888,
    836,
    792,
    726,
    712,
    788,
    774,
    799,
    853,
    866,
    825,
    911,
    890,
    833,
    764,
    777,
    777,
    807,
    865,
    823,
    866,
    863,
    870,
    801,
    807,
    797,
    803,
    784,
    820,
    836,
    888,
    882,
    888,
    885,
    818,
    784,
    754,
    802,
    830,
    830,
    904,
    921,
    865,
    895,
    840,
    804,
    793,
    834,
    843,
    884,
    929,
    958,
    840,
    898,
    901,
    865,
    840,
    861,
    941,
    912,
    965,
    973,
    890,
    922,
    911,
    895,
    885,
    966,
    965,
    894,
    930,
    970,
    1007,
    995
  ],
  "ROIPoints" : [
    "[288.489221,253.989050]",
    "[289.585758,258.361633]",
    "[291.634100,259.019334]",
    "[293.682443,259.677034]",
    "[295.368734,258.267532]",
    "[297.055024,256.858030]",
    "[298.311195,255.725559]",
    "[298.208640,254.023116]",
    "[298.106085,252.320673]",
    "[297.697343,251.332575]",
    "[297.288600,250.344478]",
    "[297.300692,249.325353]",
    "[296.618391,248.158997]",
    "[295.936091,246.992640]",
    "[294.203937,244.495461]",
    "[291.827884,242.912556]",
    "[289.230256,243.641421]",
    "[287.195240,247.696602]",
    "[285.970527,249.849828]",
    "[287.666626,251.653657]"
  ]
}