{
  "DataSummary" : {
    "Max" : 1414,
    "Median" : 1004,
    "Dev" : 124.30426788330078,
    "Name" : "",
    "AreaCM2" : 0.51691120147705083,
    "LengthPIX" : 97.298347473144531,
    "Mean" : 1002.2045288085938,
    "LengthCM" : 3.6486856937408447,
    "AreaPIX2" : 367.581298828125,
    "Total" : 396873,
    "Min" : 669,
    "Type" : "Pencil"
  },
  "Name" : "Unnamed",
  "ROI3DPoints" : [
    "[-16.496391,5.068525,28.943949]",
    "[-16.496391,6.044466,27.974289]",
    "[-16.496391,6.958403,26.975328]",
    "[-16.496391,7.265356,26.014706]",
    "[-16.496391,6.895472,25.026714]",
    "[-16.496391,5.894434,24.547356]",
    "[-16.496391,4.947527,24.019176]",
    "[-16.496391,4.753321,22.995726]",
    "[-16.496391,5.651613,23.655180]",
    "[-16.496391,6.392035,24.224112]",
    "[-16.496391,7.132444,24.793049]",
    "[-16.496391,8.082190,24.641432]",
    "[-16.496391,8.474218,24.319160]",
    "[-16.496391,8.866236,23.996889]",
    "[-16.496391,9.189062,23.624876]",
    "[-16.496391,9.511889,23.252857]",
    "[-16.496391,9.053255,22.291508]",
    "[-16.496391,8.128206,21.250364]",
    "[-16.496391,7.059385,20.510269]",
    "[-16.496391,5.794046,19.927582]",
    "[-16.496391,4.956350,19.671246]",
    "[-16.496391,3.925066,19.431875]",
    "[-16.496391,2.896002,19.414566]",
    "[-16.496391,1.893660,19.633280]",
    "[-16.496391,2.276487,19.978949]",
    "[-16.496391,0.538198,20.940653]",
    "[-16.496391,0.066267,22.012461]",
    "[-16.496391,0.604586,23.090214]",
    "[-16.496391,1.568247,24.123014]",
    "[-16.496391,1.982203,25.090143]",
    "[-16.496391,2.206827,26.215395]",
    "[-16.496391,2.704336,27.213783]",
    "[-16.496391,3.732874,27.602448]",
    "[-16.496391,4.404276,28.589851]"
  ],
  "Slice" : 119,
  "DataValues" : [
    992,
    1058,
    1209,
    936,
    966,
    986,
    1070,
    996,
    938,
    953,
    1004,
    1043,
    1168,
    993,
    982,
    923,
    954,
    987,
    989,
    1221,
    1021,
    1005,
    952,
    953,
    944,
    965,
    1012,
    1074,
    1286,
    1050,
    1030,
    1009,
    999,
    929,
    943,
    933,
    896,
    949,
    1000,
    1135,
    1379,
    1109,
    1052,
    1048,
    1001,
    918,
    866,
    888,
    929,
    950,
    937,
    972,
    1058,
    1183,
    1195,
    1086,
    1065,
    1024,
    976,
    851,
    765,
    776,
    852,
    854,
    899,
    931,
    1036,
    1093,
    1302,
    1157,
    1080,
    1039,
    998,
    913,
    769,
    800,
    885,
    938,
    946,
    930,
    954,
    980,
    1095,
    1095,
    1118,
    1043,
    1024,
    977,
    839,
    835,
    932,
    968,
    943,
    946,
    978,
    1035,
    1056,
    1188,
    1091,
    1056,
    974,
    892,
    785,
    970,
    976,
    996,
    1025,
    1049,
    1067,
    1104,
    1114,
    1131,
    1131,
    1074,
    1004,
    960,
    793,
    899,
    976,
    964,
    1008,
    1063,
    1079,
    1153,
    1194,
    998,
    1017,
    1086,
    1106,
    1072,
    1050,
    1001,
    846,
    784,
    940,
    1034,
    1050,
    1135,
    1133,
    1040,
    1004,
    1002,
    1018,
    1072,
    1048,
    1085,
    1002,
    919,
    765,
    844,
    956,
    993,
    1013,
    1142,
    1031,
    1035,
    974,
    960,
    956,
    1047,
    1072,
    1028,
    1127,
    1075,
    995,
    856,
    744,
    903,
    996,
    1026,
    984,
    1013,
    970,
    992,
    929,
    978,
    947,
    964,
    953,
    1082,
    1031,
    1004,
    1138,
    1075,
    1043,
    931,
    837,
    739,
    865,
    971,
    1006,
    996,
    1004,
    975,
    971,
    953,
    879,
    857,
    841,
    870,
    922,
    1028,
    1083,
    1233,
    1414,
    1095,
    1160,
    1072,
    1042,
    929,
    826,
    752,
    833,
    919,
    1027,
    1012,
    958,
    942,
    954,
    887,
    812,
    761,
    797,
    806,
    890,
    907,
    939,
    985,
    1027,
    1210,
    1176,
    1133,
    1096,
    1055,
    975,
    928,
    820,
    773,
    846,
    887,
    928,
    881,
    824,
    740,
    697,
    721,
    800,
    851,
    872,
    900,
    951,
    974,
    1047,
    1142,
    1144,
    1116,
    1125,
    1109,
    1096,
    1059,
    1038,
    961,
    872,
    771,
    780,
    761,
    759,
    736,
    738,
    732,
    858,
    895,
    901,
    905,
    938,
    982,
    1045,
    1072,
    1241,
    1198,
    1171,
    1138,
    1117,
    1094,
    1072,
    1094,
    1050,
    948,
    847,
    739,
    676,
    669,
    730,
    821,
    886,
    945,
    918,
    967,
    983,
    1030,
    1046,
    1121,
    1209,
    1212,
    1122,
    1126,
    1127,
    1128,
    1110,
    1127,
    1065,
    1041,
    918,
    843,
    745,
    773,
    893,
    958,
    940,
    948,
    968,
    1015,
    1033,
    1095,
    1106,
    1180,
    1174,
    1157,
    1169,
    1175,
    1150,
    1146,
    1101,
    1038,
    992,
    907,
    870,
    878,
    884,
    892,
    975,
    1012,
    1006,
    1090,
    1126,
    1129,
    1153,
    1171,
    1184,
    1197,
    1181,
    1121,
    1081,
    1048,
    1022,
    954,
    946,
    980,
    1051,
    1101,
    1075,
    1078,
    1144,
    1174,
    1289,
    1224,
    1148,
    1111,
    1077,
    1037,
    1013,
    975,
    990,
    973,
    944,
    1036,
    1177,
    1228,
    1125,
    1085,
    1056,
    1048,
    1034,
    1038,
    1078,
    1262,
    1254,
    1202,
    1176,
    1108,
    1123,
    1090,
    1057,
    1066,
    1117,
    1170
  ],
  "ROIPoints" : [
    "[275.749721,127.015894]",
    "[278.352245,129.601656]",
    "[280.789394,132.265550]",
    "[281.607937,134.827203]",
    "[280.621593,137.461858]",
    "[277.952156,138.740144]",
    "[275.427063,140.148615]",
    "[274.909176,142.877828]",
    "[277.304620,141.119283]",
    "[279.279072,139.602126]",
    "[281.253524,138.084969]",
    "[283.786152,138.489276]",
    "[284.831558,139.348664]",
    "[285.876965,140.208052]",
    "[286.737824,141.200094]",
    "[287.598682,142.192136]",
    "[286.375675,144.755735]",
    "[283.908863,147.532121]",
    "[281.058689,149.505712]",
    "[277.684437,151.059543]",
    "[275.450596,151.743101]",
    "[272.700516,152.381425]",
    "[269.956344,152.427576]",
    "[267.283428,151.844347]",
    "[268.304302,150.922566]",
    "[263.668850,148.358011]",
    "[262.410362,145.499857]",
    "[263.845894,142.625848]",
    "[266.415638,139.871713]",
    "[267.519531,137.292715]",
    "[268.118545,134.292039]",
    "[269.445236,131.629671]",
    "[272.187980,130.593225]",
    "[273.978390,127.960153]"
  ]
}