{
  "DataSummary" : {
    "Max" : 1498,
    "Median" : 1066,
    "Dev" : 116.71804046630859,
    "Name" : "",
    "AreaCM2" : 0.03249453544616699,
    "LengthPIX" : 126.02305603027344,
    "Mean" : 1088.8759765625,
    "LengthCM" : 4.7258658409118652,
    "AreaPIX2" : 23.10722541809082,
    "Total" : 131754,
    "Min" : 840,
    "Type" : "Pencil"
  },
  "Name" : "Unnamed",
  "ROI3DPoints" : [
    "[-16.496391,-9.730145,-8.878874]",
    "[-16.496391,-9.829285,-9.828979]",
    "[-16.496391,-9.924540,-10.904449]",
    "[-16.496391,-10.016596,-11.882685]",
    "[-16.496391,-10.077810,-12.951082]",
    "[-16.496391,-10.048182,-14.007132]",
    "[-16.496391,-9.637745,-15.538288]",
    "[-16.496391,-9.807432,-15.969021]",
    "[-16.496391,-10.499119,-15.396027]",
    "[-16.496391,-10.477987,-14.611528]",
    "[-16.496391,-10.242119,-13.068785]",
    "[-16.496391,-10.369171,-12.070803]",
    "[-16.496391,-10.352200,-10.206989]",
    "[-16.496391,-10.238646,-9.408541]",
    "[-16.496391,-11.892036,-9.299335]",
    "[-16.496391,-13.329134,-12.060263]",
    "[-16.496391,-13.882490,-13.042944]",
    "[-16.496391,-14.186502,-14.080872]",
    "[-16.496391,-14.474882,-15.116831]",
    "[-16.496391,-14.810326,-16.085596]",
    "[-16.496391,-15.100147,-17.004087]",
    "[-16.496391,-15.223555,-17.748171]",
    "[-16.496391,-14.766781,-18.019899]",
    "[-16.496391,-14.442896,-17.812618]",
    "[-16.496391,-14.317526,-16.809544]",
    "[-16.496391,-14.479752,-16.006077]",
    "[-16.496391,-14.137413,-14.946308]",
    "[-16.496391,-13.864717,-13.733835]",
    "[-16.496391,-13.513384,-12.508596]",
    "[-16.496391,-12.859749,-10.795193]",
    "[-16.496391,-12.519659,-9.848778]",
    "[-16.496391,-12.298954,-8.927626]",
    "[-16.496391,-12.083931,-8.001936]",
    "[-16.496391,-11.919439,-7.022373]",
    "[-16.496391,-11.855724,-6.060440]",
    "[-16.496391,-11.688503,-7.088640]",
    "[-16.496391,-11.482533,-7.639141]",
    "[-16.496391,-11.514587,-8.343897]",
    "[-16.496391,-11.461973,-8.980583]",
    "[-16.496391,-10.915089,-9.055759]",
    "[-16.496391,-10.252504,-8.751387]",
    "[-16.496391,-9.851435,-7.933020]",
    "[-16.496391,-9.310770,-6.715809]"
  ],
  "Slice" : 119,
  "DataValues" : [
    1051,
    987,
    1028,
    1164,
    1061,
    1012,
    1102,
    1072,
    1052,
    1091,
    1083,
    1052,
    1079,
    1119,
    1178,
    1095,
    1052,
    1047,
    1129,
    1145,
    1045,
    1070,
    1049,
    866,
    1147,
    1058,
    1066,
    1036,
    1120,
    840,
    1086,
    1009,
    1032,
    1061,
    1131,
    1068,
    1005,
    1032,
    1032,
    1089,
    1038,
    1064,
    1023,
    1115,
    1078,
    1002,
    1136,
    1103,
    1063,
    982,
    1105,
    1073,
    1126,
    1030,
    970,
    1075,
    1090,
    1027,
    941,
    1049,
    1070,
    1020,
    1091,
    1080,
    1018,
    1086,
    1076,
    1034,
    1127,
    1117,
    990,
    1148,
    1053,
    1016,
    1227,
    1116,
    1045,
    1192,
    1112,
    1115,
    1037,
    1181,
    1027,
    866,
    883,
    959,
    1126,
    988,
    1498,
    1482,
    1300,
    1226,
    1048,
    1151,
    1300,
    1177,
    1046,
    1139,
    1004,
    950,
    1066,
    1148,
    890,
    1002,
    993,
    1032,
    1051,
    1040,
    996,
    1296,
    1242,
    1046,
    1399,
    1495,
    1228,
    1396,
    1379,
    1353,
    1077,
    998,
    975
  ],
  "ROIPoints" : [
    "[236.286604,227.876759]",
    "[236.022225,230.410363]",
    "[235.768225,233.278294]",
    "[235.522732,235.886914]",
    "[235.359495,238.735970]",
    "[235.438505,241.552102]",
    "[236.533001,245.635186]",
    "[236.080507,246.783818]",
    "[234.236002,245.255825]",
    "[234.292361,243.163826]",
    "[234.921343,239.049843]",
    "[234.582541,236.388569]",
    "[234.627793,231.418392]",
    "[234.930598,229.289196]",
    "[230.521559,228.997987]",
    "[226.689305,236.360459]",
    "[225.213680,238.980942]",
    "[224.402989,241.748745]",
    "[223.633970,244.511307]",
    "[222.739454,247.094677]",
    "[221.966599,249.543992]",
    "[221.637511,251.528206]",
    "[222.855570,252.252816]",
    "[223.719261,251.700066]",
    "[224.053588,249.025204]",
    "[223.620994,246.882634]",
    "[224.533889,244.056572]",
    "[225.261085,240.823325]",
    "[226.197963,237.556022]",
    "[227.940998,232.986937]",
    "[228.847894,230.463162]",
    "[229.436443,228.006767]",
    "[230.009844,225.538258]",
    "[230.448484,222.926093]",
    "[230.618394,220.360932]",
    "[231.064316,223.102795]",
    "[231.613576,224.570801]",
    "[231.528095,226.450142]",
    "[231.668391,228.147973]",
    "[233.126757,228.348446]",
    "[234.893650,227.536791]",
    "[235.963170,225.354483]",
    "[237.404938,222.108578]"
  ]
}