{
  "DataSummary" : {
    "Max" : 1244,
    "Median" : 1202,
    "Dev" : 29.123552322387695,
    "Name" : "",
    "AreaCM2" : 0.0098239731788635262,
    "LengthPIX" : 29.402755737304688,
    "Mean" : 1200.90478515625,
    "LengthCM" : 1.1026030778884888,
    "AreaPIX2" : 6.9859366416931152,
    "Total" : 25219,
    "Min" : 1151,
    "Type" : "Pencil"
  },
  "Name" : "Unnamed",
  "ROI3DPoints" : [
    "[-12.696392,-20.303707,18.659422]",
    "[-12.696392,-20.819624,19.253576]",
    "[-12.696392,-21.520884,19.691811]",
    "[-12.696392,-22.112286,20.109205]",
    "[-12.696392,-22.768192,20.762520]",
    "[-12.696392,-23.181313,21.335388]",
    "[-12.696392,-23.492649,21.927443]",
    "[-12.696392,-23.934557,21.280445]",
    "[-12.696392,-24.511774,20.939199]",
    "[-12.696392,-23.879511,20.834686]",
    "[-12.696392,-23.109043,20.642128]",
    "[-12.696392,-22.389496,20.329275]",
    "[-12.696392,-21.824902,19.997002]",
    "[-12.696392,-21.219549,19.513735]",
    "[-12.696392,-20.592831,18.971165]"
  ],
  "Slice" : 129,
  "DataValues" : [
    1175,
    1174,
    1154,
    1230,
    1235,
    1151,
    1224,
    1243,
    1172,
    1167,
    1244,
    1212,
    1232,
    1201,
    1230,
    1202,
    1181,
    1219,
    1209,
    1190,
    1174
  ],
  "ROIPoints" : [
    "[208.090432,154.441301]",
    "[206.714663,152.856893]",
    "[204.844642,151.688264]",
    "[203.267556,150.575216]",
    "[201.518480,148.833032]",
    "[200.416831,147.305391]",
    "[199.586600,145.726572]",
    "[198.408166,147.451898]",
    "[196.868933,148.361894]",
    "[198.554962,148.640588]",
    "[200.609539,149.154085]",
    "[202.528329,149.988355]",
    "[204.033924,150.874414]",
    "[205.648186,152.163129]",
    "[207.319449,153.609991]"
  ]
}