{
  "DataSummary" : {
    "Max" : 1428,
    "Median" : 924,
    "Dev" : 132.62249755859375,
    "Name" : "",
    "AreaCM2" : 0.48334766387939454,
    "LengthPIX" : 107.30643463134766,
    "Mean" : 935.00518798828125,
    "LengthCM" : 4.0239925384521484,
    "AreaPIX2" : 343.71389770507812,
    "Total" : 361847,
    "Min" : 670,
    "Type" : "Pencil"
  },
  "Name" : "Unnamed",
  "ROI3DPoints" : [
    "[-12.696392,-11.187727,-19.424662]",
    "[-12.696392,-11.442204,-18.878859]",
    "[-12.696392,-11.872456,-18.306282]",
    "[-12.696392,-12.131155,-17.766865]",
    "[-12.696392,-12.567169,-17.228157]",
    "[-12.696392,-13.116875,-16.940527]",
    "[-12.696392,-13.672050,-16.869911]",
    "[-12.696392,-14.214180,-17.383024]",
    "[-12.696392,-14.345558,-17.981104]",
    "[-12.696392,-14.622105,-18.551243]",
    "[-12.696392,-14.972631,-19.109411]",
    "[-12.696392,-15.032644,-19.709248]",
    "[-12.696392,-14.887470,-20.257683]",
    "[-12.696392,-14.612635,-20.805363]",
    "[-12.696392,-14.075632,-21.323277]",
    "[-12.696392,-13.434116,-21.472816]",
    "[-12.696392,-12.806591,-21.531456]",
    "[-12.696392,-12.142319,-21.695999]",
    "[-12.696392,-11.561365,-21.979172]",
    "[-12.696392,-10.948317,-22.240383]",
    "[-12.696392,-10.330370,-22.432976]",
    "[-12.696392,-9.761427,-22.404652]",
    "[-12.696392,-9.191048,-21.975922]",
    "[-12.696392,-8.973719,-21.415344]",
    "[-12.696392,-8.937057,-20.855648]",
    "[-12.696392,-8.996607,-20.302452]",
    "[-12.696392,-8.997889,-19.747150]",
    "[-12.696392,-8.788330,-20.307304]",
    "[-12.696392,-8.547403,-20.949135]",
    "[-12.696392,-8.410606,-21.521225]",
    "[-12.696392,-8.121157,-22.104233]",
    "[-12.696392,-7.551464,-22.351894]",
    "[-12.696392,-6.941248,-22.219910]",
    "[-12.696392,-6.545237,-21.651207]",
    "[-12.696392,-6.645458,-21.047028]",
    "[-12.696392,-6.654104,-20.501236]",
    "[-12.696392,-6.468596,-19.958866]",
    "[-12.696392,-6.225414,-19.375887]",
    "[-12.696392,-5.933836,-18.782574]",
    "[-12.696392,-5.551935,-18.171459]",
    "[-12.696392,-5.396221,-17.613171]",
    "[-12.696392,-5.493530,-17.067728]",
    "[-12.696392,-5.970016,-16.516094]",
    "[-12.696392,-6.508564,-16.025658]",
    "[-12.696392,-7.014902,-15.464783]",
    "[-12.696392,-7.338844,-14.837927]",
    "[-12.696392,-7.543676,-14.264315]",
    "[-12.696392,-7.774595,-13.716434]",
    "[-12.696392,-8.315718,-13.501749]",
    "[-12.696392,-8.874687,-13.917084]",
    "[-12.696392,-9.255014,-14.459322]",
    "[-12.696392,-9.445066,-15.018503]",
    "[-12.696392,-9.505560,-15.624994]",
    "[-12.696392,-9.382135,-16.237940]",
    "[-12.696392,-9.124414,-16.791079]",
    "[-12.696392,-8.862894,-17.337803]",
    "[-12.696392,-9.267328,-16.784212]",
    "[-12.696392,-9.840803,-16.636194]",
    "[-12.696392,-10.394239,-16.827837]",
    "[-12.696392,-10.950771,-17.209063]",
    "[-12.696392,-11.310717,-17.752760]",
    "[-12.696392,-11.451393,-18.287880]",
    "[-12.696392,-11.614174,-18.845665]"
  ],
  "Slice" : 129,
  "DataValues" : [
    1094,
    1066,
    1031,
    1007,
    1018,
    1110,
    1032,
    1010,
    1013,
    1070,
    1044,
    1017,
    1005,
    955,
    961,
    1014,
    1018,
    1013,
    956,
    926,
    967,
    1002,
    995,
    1021,
    1044,
    945,
    926,
    943,
    928,
    966,
    1017,
    1039,
    996,
    940,
    962,
    911,
    937,
    994,
    1023,
    1177,
    998,
    962,
    903,
    909,
    925,
    985,
    1031,
    1089,
    970,
    906,
    821,
    835,
    889,
    972,
    1004,
    1054,
    1023,
    941,
    1073,
    1129,
    956,
    979,
    1015,
    1038,
    1014,
    1014,
    949,
    891,
    827,
    763,
    885,
    920,
    991,
    1046,
    1131,
    974,
    915,
    955,
    1028,
    1057,
    971,
    936,
    954,
    940,
    929,
    940,
    940,
    932,
    846,
    819,
    772,
    835,
    869,
    902,
    986,
    1107,
    934,
    928,
    924,
    1005,
    1013,
    1013,
    994,
    893,
    870,
    879,
    874,
    917,
    889,
    831,
    794,
    753,
    726,
    806,
    802,
    873,
    985,
    1079,
    880,
    866,
    869,
    907,
    901,
    931,
    943,
    1101,
    940,
    856,
    850,
    797,
    755,
    729,
    693,
    691,
    695,
    711,
    707,
    767,
    790,
    875,
    1002,
    1105,
    974,
    900,
    886,
    800,
    845,
    854,
    889,
    908,
    1008,
    945,
    856,
    791,
    737,
    780,
    849,
    824,
    819,
    745,
    714,
    709,
    789,
    898,
    942,
    990,
    1138,
    847,
    875,
    861,
    765,
    787,
    835,
    889,
    915,
    975,
    975,
    938,
    879,
    824,
    670,
    848,
    915,
    903,
    852,
    838,
    715,
    742,
    850,
    920,
    999,
    1058,
    1066,
    850,
    951,
    879,
    842,
    746,
    787,
    803,
    859,
    877,
    966,
    960,
    960,
    853,
    790,
    737,
    849,
    897,
    934,
    844,
    833,
    741,
    773,
    900,
    948,
    1012,
    1083,
    856,
    892,
    841,
    849,
    773,
    727,
    711,
    811,
    810,
    869,
    929,
    929,
    871,
    811,
    747,
    848,
    968,
    1076,
    911,
    884,
    744,
    828,
    914,
    1025,
    1062,
    1013,
    1022,
    931,
    830,
    853,
    773,
    829,
    769,
    755,
    848,
    818,
    851,
    856,
    808,
    794,
    903,
    968,
    1050,
    1050,
    916,
    875,
    754,
    829,
    913,
    984,
    1061,
    905,
    829,
    877,
    837,
    814,
    799,
    769,
    784,
    827,
    799,
    842,
    864,
    740,
    863,
    899,
    974,
    954,
    891,
    793,
    816,
    952,
    982,
    978,
    797,
    1129,
    1013,
    868,
    899,
    828,
    875,
    836,
    823,
    872,
    862,
    860,
    817,
    888,
    933,
    982,
    951,
    893,
    804,
    831,
    952,
    896,
    916,
    1428,
    1361,
    1123,
    967,
    913,
    987,
    966,
    918,
    874,
    830,
    880,
    894,
    874,
    951,
    1098,
    918,
    844,
    836,
    895,
    946,
    1251,
    1119,
    1056,
    992,
    979,
    949,
    909,
    937,
    962,
    962,
    979,
    1100,
    960,
    927,
    905,
    901,
    968,
    1001,
    1179,
    1094,
    1033,
    1045,
    1031,
    1061,
    1107,
    1193,
    984,
    946,
    959,
    983,
    961,
    986,
    1312,
    1309,
    1374,
    1427,
    1353,
    1262,
    1079,
    1073,
    1058,
    1173,
    1272,
    1314,
    1307,
    1349,
    1392,
    1214,
    1264,
    1307,
    1348
  ],