{
  "DataSummary" : {
    "Max" : 1038,
    "Median" : 894,
    "Dev" : 69.942153930664062,
    "Name" : "",
    "AreaCM2" : 0.079470977783203126,
    "LengthPIX" : 34.236568450927734,
    "Mean" : 895.776123046875,
    "LengthCM" : 1.2838709354400635,
    "AreaPIX2" : 56.5126953125,
    "Total" : 60017,
    "Min" : 782,
    "Type" : "Pencil"
  },
  "Name" : "Unnamed",
  "ROI3DPoints" : [
    "[-12.696392,20.669729,-6.153286]",
    "[-12.696392,20.837511,-5.578295]",
    "[-12.696392,20.636095,-4.956852]",
    "[-12.696392,20.357489,-4.315674]",
    "[-12.696392,19.697680,-3.989243]",
    "[-12.696392,19.090834,-4.021538]",
    "[-12.696392,18.573423,-4.574883]",
    "[-12.696392,18.005430,-4.824015]",
    "[-12.696392,17.404009,-4.832872]",
    "[-12.696392,16.704134,-5.113968]",
    "[-12.696392,16.166777,-5.800093]",
    "[-12.696392,16.002771,-6.374935]",
    "[-12.696392,16.684015,-6.354639]",
    "[-12.696392,17.265799,-6.099802]",
    "[-12.696392,17.811625,-6.055616]",
    "[-12.696392,18.595808,-6.215347]",
    "[-12.696392,19.336973,-6.409634]",
    "[-12.696392,20.053980,-6.602610]",
    "[-12.696392,20.624674,-6.643396]"
  ],
  "Slice" : 129,
  "DataValues" : [
    894,
    890,
    966,
    997,
    860,
    837,
    825,
    865,
    966,
    961,
    932,
    885,
    869,
    826,
    833,
    793,
    789,
    829,
    945,
    961,
    985,
    929,
    918,
    867,
    836,
    802,
    782,
    784,
    798,
    818,
    878,
    953,
    983,
    911,
    900,
    868,
    816,
    814,
    784,
    796,
    796,
    835,
    902,
    958,
    952,
    1027,
    1004,
    964,
    931,
    869,
    853,
    839,
    849,
    868,
    931,
    982,
    901,
    1038,
    995,
    950,
    925,
    943,
    952,
    976,
    877,
    929,
    1026
  ],
  "ROIPoints" : [
    "[317.352948,220.608521]",
    "[317.800343,219.075214]",
    "[317.263241,217.418026]",
    "[316.520299,215.708225]",
    "[314.760815,214.837734]",
    "[313.142544,214.923862]",
    "[311.762784,216.399452]",
    "[310.248128,217.063801]",
    "[308.644360,217.087421]",
    "[306.778004,217.837006]",
    "[305.345059,219.666668]",
    "[304.907719,221.199581]",
    "[306.724377,221.145466]",
    "[308.275799,220.465904]",
    "[309.731328,220.348076]",
    "[311.822484,220.774025]",
    "[313.798924,221.292114]",
    "[315.710942,221.806713]",
    "[317.232777,221.915482]"
  ]
}