{
  "DataSummary" : {
    "Max" : 1475,
    "Median" : 1209,
    "Dev" : 131.736328125,
    "Name" : "",
    "AreaCM2" : 0.066498470306396482,
    "LengthPIX" : 61.484401702880859,
    "Mean" : 1213.2353515625,
    "LengthCM" : 2.3056640625,
    "AreaPIX2" : 47.287799835205078,
    "Total" : 103125,
    "Min" : 704,
    "Type" : "Pencil"
  },
  "Name" : "Unnamed",
  "ROI3DPoints" : [
    "[-12.696392,2.727854,16.497313]",
    "[-12.696392,2.988905,17.061043]",
    "[-12.696392,3.304270,17.636349]",
    "[-12.696392,2.431726,17.083313]",
    "[-12.696392,1.585608,16.520470]",
    "[-12.696392,0.884199,16.030903]",
    "[-12.696392,0.436003,16.084061]",
    "[-12.696392,-0.012182,16.137218]",
    "[-12.696392,-0.657640,16.153418]",
    "[-12.696392,-1.167532,16.127800]",
    "[-12.696392,-1.677423,16.102177]",
    "[-12.696392,-2.241674,16.041609]",
    "[-12.696392,-2.805937,15.981047]",
    "[-12.696392,-3.657297,16.510073]",
    "[-12.696392,-3.756975,17.496204]",
    "[-12.696392,-2.716627,18.737064]",
    "[-12.696392,-3.378942,18.419085]",
    "[-12.696392,-4.136490,16.943758]",
    "[-12.696392,-3.936670,15.213989]",
    "[-12.696392,-3.486248,14.875874]",
    "[-12.696392,-2.894840,14.984741]",
    "[-12.696392,-2.291880,15.273436]",
    "[-12.696392,-1.673590,15.355169]",
    "[-12.696392,-0.489813,15.467447]",
    "[-12.696392,0.925146,15.544735]",
    "[-12.696392,1.928450,15.922916]",
    "[-12.696392,2.491819,16.388456]"
  ],
  "Slice" : 129,
  "DataValues" : [
    1184,
    1162,
    1181,
    1183,
    1132,
    1178,
    1150,
    1152,
    1234,
    1147,
    1231,
    1232,
    1255,
    1195,
    1293,
    1225,
    1204,
    1236,
    1201,
    1296,
    1282,
    1204,
    1141,
    1263,
    1174,
    1340,
    1315,
    1182,
    1176,
    1138,
    1289,
    1242,
    1248,
    1453,
    1475,
    1358,
    1198,
    993,
    750,
    704,
    777,
    919,
    1206,
    1330,
    1130,
    1076,
    1119,
    1182,
    1308,
    1326,
    1292,
    1418,
    1322,
    1381,
    1367,
    1389,
    1232,
    1115,
    1209,
    1305,
    1432,
    1223,
    1190,
    1150,
    1267,
    1342,
    1334,
    1295,
    1154,
    1124,
    1123,
    1147,
    1230,
    1332,
    1358,
    1353,
    1272,
    1169,
    1160,
    1249,
    1219,
    1152,
    1159,
    1156,
    1136
  ],
  "ROIPoints" : [
    "[269.507924,160.206918]",
    "[270.204068,158.703649]",
    "[271.045041,157.169496]",
    "[268.718269,158.644257]",
    "[266.461935,160.145168]",
    "[264.591516,161.450679]",
    "[263.396344,161.308930]",
    "[262.201173,161.167180]",
    "[260.479965,161.123972]",
    "[259.120248,161.192297]",
    "[257.760531,161.260622]",
    "[256.255848,161.422128]",
    "[254.751165,161.583634]",
    "[252.480869,160.172901]",
    "[252.215064,157.543220]",
    "[254.989315,154.234254]",
    "[253.223141,155.082201]",
    "[251.203025,159.016405]",
    "[251.735875,163.629120]",
    "[252.936989,164.530767]",
    "[254.514080,164.240453]",
    "[256.121975,163.470590]",
    "[257.770741,163.252645]",
    "[260.927481,162.953228]",
    "[264.700708,162.747136]",
    "[267.376202,161.738645]",
    "[268.878506,160.497205]"
  ]
}