{
  "DataSummary" : {
    "Max" : 1178,
    "Median" : 829,
    "Dev" : 100.97843933105469,
    "Name" : "",
    "AreaCM2" : 0.33897781372070312,
    "LengthPIX" : 67.898429870605469,
    "Mean" : 840.28466796875,
    "LengthCM" : 2.5461909770965576,
    "AreaPIX2" : 241.0509033203125,
    "Total" : 224356,
    "Min" : 594,
    "Type" : "Pencil"
  },
  "Name" : "Unnamed",
  "ROI3DPoints" : [
    "[-12.696392,19.521727,-2.480001]",
    "[-12.696392,20.120481,-2.430014]",
    "[-12.696392,20.315145,-1.774765]",
    "[-12.696392,20.365053,-1.201513]",
    "[-12.696392,20.258314,-0.604080]",
    "[-12.696392,20.072886,0.049166]",
    "[-12.696392,19.751135,0.707321]",
    "[-12.696392,19.228346,1.424894]",
    "[-12.696392,19.054453,2.037457]",
    "[-12.696392,18.925730,2.741228]",
    "[-12.696392,18.854753,3.391361]",
    "[-12.696392,18.750166,3.966690]",
    "[-12.696392,18.572622,4.633949]",
    "[-12.696392,18.398970,5.250448]",
    "[-12.696392,18.125364,5.934181]",
    "[-12.696392,17.788198,6.513338]",
    "[-12.696392,17.180277,6.841257]",
    "[-12.696392,16.621542,6.215969]",
    "[-12.696392,16.317198,5.527527]",
    "[-12.696392,16.086897,4.878435]",
    "[-12.696392,15.818590,4.311203]",
    "[-12.696392,15.372717,3.656984]",
    "[-12.696392,14.915113,3.047415]",
    "[-12.696392,14.590067,2.429216]",
    "[-12.696392,14.495493,1.829729]",
    "[-12.696392,14.504808,1.226894]",
    "[-12.696392,14.849596,0.593235]",
    "[-12.696392,15.444117,0.226166]",
    "[-12.696392,16.053343,-0.137413]",
    "[-12.696392,16.337946,-0.756813]",
    "[-12.696392,16.394274,-1.409555]",
    "[-12.696392,16.699282,-1.990240]",
    "[-12.696392,17.247751,-2.640430]",
    "[-12.696392,17.882109,-3.002493]",
    "[-12.696392,18.457220,-3.157509]",
    "[-12.696392,19.081896,-3.214106]",
    "[-12.696392,19.654455,-3.119011]"
  ],
  "Slice" : 129,
  "DataValues" : [
    944,
    965,
    1072,
    890,
    914,
    917,
    893,
    855,
    903,
    891,
    988,
    879,
    835,
    855,
    873,
    983,
    1087,
    936,
    860,
    791,
    830,
    871,
    912,
    1039,
    884,
    811,
    815,
    815,
    829,
    871,
    909,
    829,
    826,
    780,
    788,
    815,
    836,
    891,
    1068,
    915,
    828,
    815,
    752,
    776,
    783,
    818,
    835,
    994,
    974,
    896,
    820,
    790,
    723,
    769,
    773,
    813,
    834,
    931,
    993,
    936,
    861,
    797,
    747,
    693,
    740,
    762,
    766,
    799,
    911,
    953,
    877,
    851,
    794,
    698,
    637,
    697,
    761,
    792,
    798,
    883,
    1001,
    960,
    950,
    862,
    846,
    730,
    703,
    615,
    656,
    680,
    806,
    764,
    885,
    1010,
    960,
    882,
    868,
    832,
    800,
    749,
    651,
    634,
    684,
    770,
    784,
    865,
    980,
    958,
    901,
    898,
    804,
    760,
    771,
    701,
    594,
    712,
    737,
    771,
    812,
    966,
    942,
    911,
    910,
    889,
    844,
    782,
    725,
    659,
    631,
    735,
    752,
    806,
    942,
    975,
    967,
    939,
    914,
    866,
    824,
    780,
    705,
    650,
    702,
    750,
    790,
    881,
    1002,
    1016,
    1032,
    1040,
    950,
    873,
    779,
    732,
    676,
    707,
    790,
    775,
    815,
    923,
    1178,
    1119,
    1065,
    903,
    855,
    822,
    715,
    660,
    709,
    758,
    782,
    828,
    1004,
    1001,
    868,
    831,
    779,
    734,
    739,
    708,
    753,
    749,
    768,
    918,
    1023,
    878,
    820,
    814,
    764,
    713,
    698,
    720,
    758,
    785,
    844,
    985,
    879,
    830,
    784,
    775,
    770,
    746,
    719,
    726,
    779,
    857,
    963,
    893,
    855,
    836,
    738,
    756,
    754,
    718,
    733,
    775,
    842,
    992,
    961,
    870,
    846,
    820,
    808,
    794,
    771,
    741,
    809,
    852,
    955,
    969,
    916,
    829,
    813,
    814,
    770,
    762,
    791,
    789,
    859,
    971,
    947,
    911,
    861,
    820,
    807,
    814,
    797,
    797,
    877,
    1003,
    900,
    864,
    785,
    818,
    826,
    861,
    910,
    1005,
    939,
    912,
    885,
    923,
    905,
    919,
    956,
    1008,
    1000
  ],
  "ROIPoints" : [
    "[314.291592,210.813094]",
    "[315.888279,210.679789]",
    "[316.407383,208.932470]",
    "[316.540478,207.403789]",
    "[316.255841,205.810646]",
    "[315.761341,204.068653]",
    "[314.903347,202.313575]",
    "[313.509251,200.400039]",
    "[313.045536,198.766547]",
    "[312.702275,196.889812]",
    "[312.513005,195.156133]",
    "[312.234105,193.621913]",
    "[311.760655,191.842565]",
    "[311.297589,190.198570]",
    "[310.567974,188.375282]",
    "[309.668850,186.830862]",
    "[308.047734,185.956409]",
    "[306.557766,187.623838]",
    "[305.746190,189.459688]",
    "[305.132039,191.190591]",
    "[304.416569,192.703210]",
    "[303.227574,194.447803]",
    "[302.007283,196.073322]",
    "[301.140507,197.721849]",
    "[300.888295,199.320485]",
    "[300.913151,200.928037]",
    "[301.832592,202.617796]",
    "[303.417965,203.596642]",
    "[305.042569,204.566197]",
    "[305.801526,206.217928]",
    "[305.951710,207.958565]",
    "[306.765072,209.507057]",
    "[308.227665,211.240912]",
    "[309.919293,212.206408]",
    "[311.452923,212.619775]",
    "[313.118725,212.770710]",
    "[314.645527,212.517118]"
  ]
}