{
  "DataSummary" : {
    "Max" : 1282,
    "Median" : 1000,
    "Dev" : 119.05107879638672,
    "Name" : "",
    "AreaCM2" : 0.37667625427246093,
    "LengthPIX" : 61.790985107421875,
    "Mean" : 989.70806884765625,
    "LengthCM" : 2.3171622753143311,
    "AreaPIX2" : 267.85867309570312,
    "Total" : 294933,
    "Min" : 696,
    "Type" : "Pencil"
  },
  "Name" : "Unnamed",
  "ROI3DPoints" : [
    "[-12.696392,16.749258,12.407675]",
    "[-12.696392,16.463110,13.002132]",
    "[-12.696392,16.308180,13.751011]",
    "[-12.696392,16.118952,14.342997]",
    "[-12.696392,15.733526,15.015623]",
    "[-12.696392,15.326368,15.628099]",
    "[-12.696392,14.977827,16.200928]",
    "[-12.696392,14.580957,16.809256]",
    "[-12.696392,13.385759,17.512037]",
    "[-12.696392,12.077322,17.578299]",
    "[-12.696392,10.774950,16.641954]",
    "[-12.696392,9.995985,15.444113]",
    "[-12.696392,9.812296,14.185057]",
    "[-12.696392,9.754068,12.321455]",
    "[-12.696392,9.585543,11.741034]",
    "[-12.696392,9.753542,11.153877]",
    "[-12.696392,10.335932,10.874973]",
    "[-12.696392,10.936403,10.895864]",
    "[-12.696392,11.505690,10.995119]",
    "[-12.696392,12.097670,11.049038]",
    "[-12.696392,12.662184,11.014168]",
    "[-12.696392,13.223642,10.979481]",
    "[-12.696392,13.824938,10.956833]",
    "[-12.696392,14.473669,10.884249]",
    "[-12.696392,15.088297,10.849796]",
    "[-12.696392,15.659277,10.912481]",
    "[-12.696392,16.263594,11.223063]",
    "[-12.696392,16.693605,11.798311]"
  ],
  "Slice" : 129,
  "DataValues" : [
    1176,
    1113,
    1060,
    1051,
    1135,
    1205,
    1144,
    1096,
    1038,
    972,
    991,
    1051,
    1252,
    1138,
    1062,
    1035,
    987,
    980,
    966,
    1021,
    1086,
    1169,
    1128,
    1086,
    1056,
    1040,
    980,
    961,
    897,
    913,
    939,
    1007,
    1051,
    1233,
    1114,
    1095,
    1057,
    1010,
    944,
    919,
    865,
    895,
    912,
    977,
    1023,
    1109,
    1244,
    1122,
    1118,
    1075,
    1024,
    992,
    924,
    888,
    854,
    888,
    861,
    939,
    955,
    1068,
    1170,
    1077,
    1093,
    1068,
    996,
    945,
    897,
    853,
    806,
    882,
    895,
    907,
    928,
    998,
    1105,
    1265,
    1100,
    1090,
    1032,
    983,
    945,
    881,
    785,
    798,
    873,
    877,
    921,
    905,
    961,
    1007,
    1156,
    1282,
    1105,
    1064,
    1046,
    1061,
    974,
    946,
    845,
    764,
    774,
    860,
    874,
    914,
    873,
    940,
    1003,
    1094,
    1207,
    1144,
    1083,
    1080,
    1026,
    962,
    958,
    841,
    757,
    773,
    862,
    854,
    903,
    872,
    894,
    933,
    1051,
    1097,
    1278,
    1109,
    1059,
    1037,
    1021,
    950,
    934,
    822,
    740,
    755,
    834,
    851,
    891,
    864,
    883,
    887,
    985,
    1045,
    1213,
    1118,
    1096,
    1031,
    1031,
    985,
    908,
    827,
    735,
    698,
    751,
    773,
    809,
    812,
    859,
    820,
    949,
    1007,
    1126,
    1255,
    1057,
    1041,
    1031,
    980,
    927,
    812,
    754,
    696,
    731,
    725,
    792,
    803,
    860,
    871,
    907,
    972,
    1101,
    1191,
    1077,
    1059,
    1025,
    1030,
    957,
    903,
    847,
    818,
    779,
    760,
    780,
    812,
    848,
    886,
    869,
    922,
    985,
    1068,
    1106,
    1063,
    1031,
    998,
    1017,
    950,
    943,
    901,
    900,
    899,
    882,
    863,
    876,
    879,
    938,
    931,
    957,
    984,
    1064,
    1124,
    1234,
    1071,
    1024,
    1015,
    1017,
    984,
    982,
    952,
    944,
    940,
    906,
    860,
    935,
    925,
    928,
    957,
    1011,
    1009,
    995,
    1027,
    1199,
    1054,
    1023,
    1018,
    1050,
    1044,
    1022,
    981,
    978,
    970,
    984,
    939,
    952,
    944,
    967,
    1012,
    1064,
    1043,
    1083,
    1092,
    1235,
    1112,
    1103,
    1095,
    1081,
    1061,
    1033,
    1040,
    1042,
    1000,
    1002,
    1002,
    1004,
    1043,
    1042,
    1039,
    1026,
    1036,
    1062,
    1081,
    1129,
    1108,
    1143,
    1179,
    1209,
    1161,
    1092,
    1076,
    1057,
    1068,
    1086,
    1109,
    1117,
    1161,
    1099,
    1087,
    1149,
    1093
  ],
  "ROIPoints" : [
    "[306.898343,171.112623]",
    "[306.135273,169.527410]",
    "[305.722134,167.530389]",
    "[305.217541,165.951772]",
    "[304.189724,164.158090]",
    "[303.103978,162.524828]",
    "[302.174519,160.997278]",
    "[301.116200,159.375082]",
    "[297.929004,157.500995]",
    "[294.439858,157.324299]",
    "[290.966853,159.821215]",
    "[288.889623,163.015455]",
    "[288.399795,166.372940]",
    "[288.244496,171.342542]",
    "[287.795117,172.890340]",
    "[288.243100,174.456090]",
    "[289.796139,175.199827]",
    "[291.397404,175.144117]",
    "[292.915509,174.879446]",
    "[294.494099,174.735654]",
    "[295.999485,174.828649]",
    "[297.496701,174.921140]",
    "[299.100163,174.981538]",
    "[300.830105,175.175092]",
    "[302.469105,175.266973]",
    "[303.991734,175.099809]",
    "[305.603230,174.271593]",
    "[306.749928,172.737588]"
  ]
}