{
  "DataSummary" : {
    "Max" : 2043,
    "Median" : 1297,
    "Dev" : 221.63825988769531,
    "Name" : "Ilha",
    "AreaCM2" : 0.092521038055419919,
    "LengthPIX" : 114.13330078125,
    "Mean" : 1296.7652587890625,
    "LengthCM" : 4.2799983024597168,
    "AreaPIX2" : 65.792739868164062,
    "Total" : 149128,
    "Min" : 271,
    "Type" : "Pencil"
  },
  "Name" : "Ilha",
  "ROI3DPoints" : [
    "[-8.896392,-17.766043,17.811306]",
    "[-8.896392,-19.221485,18.047895]",
    "[-8.896392,-17.678026,17.791422]",
    "[-8.896392,-19.347839,18.020075]",
    "[-8.896392,-20.718607,17.685118]",
    "[-8.896392,-21.990738,17.422705]",
    "[-8.896392,-23.217339,17.389906]",
    "[-8.896392,-22.638874,18.798903]",
    "[-8.896392,-23.495167,19.657438]",
    "[-8.896392,-24.724176,19.707380]",
    "[-8.896392,-26.013313,20.785620]",
    "[-8.896392,-28.008837,22.306087]",
    "[-8.896392,-26.050667,21.055803]",
    "[-8.896392,-24.828100,20.163181]",
    "[-8.896392,-23.638836,21.396128]",
    "[-8.896392,-23.333611,22.645771]",
    "[-8.896392,-23.066900,23.905485]",
    "[-8.896392,-23.775307,25.599171]",
    "[-8.896392,-24.137512,26.659437]",
    "[-8.896392,-22.747318,25.337067]",
    "[-8.896392,-21.817984,24.110168]",
    "[-8.896392,-22.715017,22.870699]",
    "[-8.896392,-23.023596,21.091829]",
    "[-8.896392,-23.008530,20.242065]",
    "[-8.896392,-22.966135,19.635952]",
    "[-8.896392,-22.086725,18.374493]",
    "[-8.896392,-20.738691,17.918880]",
    "[-8.896392,-19.416229,18.237312]"
  ],
  "Slice" : 139,
  "DataValues" : [
    1174,
    1091,
    1191,
    1259,
    1170,
    1121,
    1289,
    1304,
    1193,
    1322,
    1224,
    1139,
    1334,
    1418,
    1224,
    1288,
    1321,
    1290,
    1209,
    1290,
    1315,
    1303,
    1303,
    1150,
    1389,
    1352,
    1330,
    1280,
    1435,
    1389,
    1374,
    1394,
    1355,
    1226,
    1343,
    1172,
    1308,
    1355,
    1173,
    1075,
    1302,
    1402,
    1475,
    1322,
    1168,
    1267,
    1415,
    1267,
    1237,
    1174,
    1219,
    1341,
    1409,
    1174,
    1233,
    1182,
    1201,
    1395,
    1350,
    1246,
    1173,
    1321,
    1357,
    1539,
    1513,
    1238,
    1321,
    1381,
    1518,
    1423,
    1297,
    1233,
    1174,
    1185,
    1189,
    1305,
    1364,
    1140,
    1133,
    1179,
    1190,
    1223,
    1436,
    1288,
    1246,
    670,
    525,
    271,
    554,
    1520,
    2043,
    1664,
    1718,
    1803,
    1583,
    1509,
    1384,
    1428,
    1683,
    1635,
    1535,
    1265,
    1432,
    1236,
    1441,
    1723,
    1548,
    1548,
    1468,
    1167,
    1118,
    1088,
    1122,
    1156,
    1274
  ],
  "ROIPoints" : [
    "[214.857547,156.702940]",
    "[210.976369,156.072035]",
    "[215.092261,156.755965]",
    "[210.639413,156.146231]",
    "[206.984043,157.039442]",
    "[203.591685,157.739210]",
    "[200.320756,157.826674]",
    "[201.863330,154.069352]",
    "[199.579877,151.779929]",
    "[196.302517,151.646742]",
    "[192.864829,148.771437]",
    "[187.543430,144.716855]",
    "[192.765211,148.050955]",
    "[196.025384,150.431280]",
    "[199.196761,147.143423]",
    "[200.010693,143.811041]",
    "[200.721931,140.451796]",
    "[198.832839,135.935309]",
    "[197.866957,133.107931]",
    "[201.574149,136.634245]",
    "[204.052368,139.905974]",
    "[201.660279,143.211233]",
    "[200.837402,147.954886]",
    "[200.877581,150.220923]",
    "[200.990631,151.837218]",
    "[203.335722,155.201109]",
    "[206.930486,156.416083]",
    "[210.457040,155.566923]"
  ]
}