{
  "DataSummary" : {
    "Max" : 1312,
    "Median" : 990,
    "Dev" : 141.31190490722656,
    "Name" : "Ilha",
    "AreaCM2" : 0.53388938903808592,
    "LengthPIX" : 93.741180419921875,
    "Mean" : 1002.641845703125,
    "LengthCM" : 3.5152962207794189,
    "AreaPIX2" : 379.6546630859375,
    "Total" : 431136,
    "Min" : 762,
    "Type" : "Pencil"
  },
  "Name" : "Ilha",
  "ROI3DPoints" : [
    "[-8.896392,-1.090387,36.729893]",
    "[-8.896392,-2.378185,37.851974]",
    "[-8.896392,-3.638191,38.801861]",
    "[-8.896392,-4.909739,38.306915]",
    "[-8.896392,-6.170563,37.173012]",
    "[-8.896392,-7.355787,35.943626]",
    "[-8.896392,-7.724567,34.670311]",
    "[-8.896392,-7.640287,33.412292]",
    "[-8.896392,-7.491440,32.125851]",
    "[-8.896392,-7.075853,30.807281]",
    "[-8.896392,-6.771091,29.578300]",
    "[-8.896392,-6.646585,28.337318]",
    "[-8.896392,-6.741125,27.090118]",
    "[-8.896392,-6.909416,25.725845]",
    "[-8.896392,-7.118980,24.501665]",
    "[-8.896392,-5.833202,24.058098]",
    "[-8.896392,-4.964584,25.338989]",
    "[-8.896392,-4.610292,26.806093]",
    "[-8.896392,-4.399441,28.171499]",
    "[-8.896392,-4.045395,29.453388]",
    "[-8.896392,-3.679939,30.734554]",
    "[-8.896392,-3.198303,32.063759]",
    "[-8.896392,-2.506010,33.394936]",
    "[-8.896392,-1.721003,34.704979]",
    "[-8.896392,-0.950884,35.968224]"
  ],
  "Slice" : 139,
  "DataValues" : [
    813,
    844,
    872,
    894,
    853,
    790,
    765,
    862,
    916,
    889,
    893,
    799,
    783,
    762,
    820,
    899,
    925,
    876,
    906,
    869,
    849,
    844,
    769,
    788,
    847,
    834,
    827,
    885,
    945,
    911,
    889,
    870,
    836,
    831,
    852,
    817,
    821,
    794,
    813,
    795,
    843,
    899,
    992,
    1019,
    919,
    872,
    861,
    837,
    836,
    807,
    835,
    821,
    806,
    815,
    808,
    837,
    856,
    878,
    899,
    850,
    902,
    893,
    892,
    866,
    869,
    812,
    791,
    804,
    841,
    806,
    824,
    840,
    839,
    878,
    901,
    904,
    890,
    856,
    881,
    900,
    902,
    894,
    854,
    816,
    791,
    781,
    820,
    829,
    818,
    819,
    833,
    864,
    929,
    933,
    912,
    916,
    963,
    933,
    906,
    907,
    881,
    849,
    824,
    795,
    787,
    817,
    824,
    825,
    842,
    864,
    946,
    981,
    963,
    889,
    850,
    978,
    927,
    924,
    917,
    905,
    881,
    832,
    812,
    773,
    815,
    813,
    853,
    866,
    934,
    893,
    929,
    961,
    898,
    975,
    930,
    910,
    926,
    904,
    880,
    865,
    850,
    834,
    827,
    848,
    837,
    901,
    959,
    977,
    951,
    919,
    906,
    1025,
    969,
    928,
    945,
    927,
    889,
    899,
    846,
    793,
    822,
    842,
    871,
    921,
    1004,
    1058,
    1001,
    892,
    1047,
    1000,
    993,
    945,
    940,
    946,
    876,
    868,
    802,
    848,
    895,
    878,
    929,
    1025,
    1055,
    938,
    1078,
    1071,
    1063,
    1008,
    962,
    969,
    899,
    872,
    862,
    915,
    887,
    928,
    948,
    1017,
    1046,
    1149,
    1165,
    1119,
    1032,
    963,
    939,
    945,
    884,
    869,
    888,
    926,
    926,
    990,
    1024,
    1014,
    1161,
    1159,
    1107,
    1058,
    981,
    957,
    943,
    898,
    884,
    912,
    924,
    978,
    1020,
    1058,
    1132,
    1141,
    1149,
    1077,
    988,
    965,
    966,
    911,
    902,
    924,
    958,
    990,
    1028,
    1050,
    1168,
    1204,
    1148,
    1029,
    1025,
    999,
    1019,
    922,
    965,
    961,
    997,
    990,
    1061,
    1183,
    1185,
    1059,
    1007,
    1032,
    1009,
    964,
    956,
    1003,
    1011,
    997,
    1058,
    1195,
    1158,
    1065,
    1033,
    1017,
    1003,
    1005,
    998,
    989,
    1048,
    1040,
    1203,
    1166,
    1122,
    1054,
    1046,
    1036,
    1031,
    1009,
    1010,
    1086,
    1086,
    1232,
    1173,
    1117,
    1103,
    1032,
    1043,
    1013,
    1044,
    1025,
    1042,
    1100,
    1191,
    1106,
    1090,
    1049,
    1046,
    1034,
    1028,
    1051,
    1093,
    1184,
    1154,
    1081,
    1056,
    1068,
    1057,
    1036,
    1096,
    1117,
    1179,
    1146,
    1101,
    1078,
    1073,
    1101,
    1090,
    1117,
    1139,
    1173,
    1161,
    1115,
    1088,
    1102,
    1104,
    1124,
    1114,
    1079,
    1171,
    1118,
    1089,
    1087,
    1076,
    1115,
    1116,
    1182,
    1106,
    1077,
    1070,
    1105,
    1124,
    1182,
    881,
    1184,
    1081,
    1094,
    1084,
    1117,
    1151,
    1188,
    983,
    1168,
    1121,
    1094,
    1097,
    1110,
    1176,
    1018,
    1163,
    1101,
    1140,
    1110,
    1161,
    1184,
    1139,
    1215,
    1115,
    1122,
    1122,
    1168,
    1221,
    1168,
    1208,
    1140,
    1156,
    1148,
    1246,
    1249,
    1202,
    1211,
    1116,
    1171,
    1198,
    1261,
    1250,
    1243,
    1215,
    1144,
    1208,
    1241,
    1272,
    1303,
    1271,
    1201,
    1185,
    1267,
    1254,
    1307,
    1282,
    1259,
    1227,
    1221,
    1231,
    1267,
    1285,
    1297,
    1287,
    1224,
    1221,
    1207,
    1276,
    1294,
    1290,
    1213,
    1233,
    1265,
    1282,
    1312,
    1266,
    1285,
    1274,
    1291
  ],
  "ROIPoints" : [
    "[259.325950,106.253371]",
    "[255.891830,103.261160]",
    "[252.531818,100.728125]",
    "[249.141029,102.047980]",
    "[245.778827,105.071722]",
    "[242.618232,108.350081]",
    "[241.634815,111.745596]",
    "[241.859565,115.100310]",
    "[242.256481,118.530821]",
    "[243.364719,122.047003]",
    "[244.177421,125.324286]",
    "[244.509430,128.633574]",
    "[244.257332,131.959441]",
    "[243.808555,135.597510]",
    "[243.249706,138.861983]",
    "[246.678455,140.044829]",
    "[248.994770,136.629118]",
    "[249.939541,132.716841]",
    "[250.501812,129.075758]",
    "[251.445934,125.657385]",
    "[252.420490,122.240942]",
    "[253.704857,118.696394]",
    "[255.550972,115.146590]",
    "[257.644321,111.653143]",
    "[259.697960,108.284491]"
  ]
}