{
  "DataSummary" : {
    "Max" : 972,
    "Median" : 942,
    "Dev" : 30.421773910522461,
    "Name" : "Ilha",
    "AreaCM2" : 0.0070892506837844848,
    "LengthPIX" : 20.406162261962891,
    "Mean" : 931.875,
    "LengthCM" : 0.76523107290267944,
    "AreaPIX2" : 5.0412449836730957,
    "Total" : 14910,
    "Min" : 882,
    "Type" : "Pencil"
  },
  "Name" : "Ilha",
  "ROI3DPoints" : [
    "[-8.896392,5.746954,-17.009420]",
    "[-8.896392,6.843309,-18.001434]",
    "[-8.896392,7.880053,-18.496351]",
    "[-8.896392,8.855272,-18.818359]",
    "[-8.896392,7.891485,-18.509335]",
    "[-8.896392,6.805716,-18.308502]",
    "[-8.896392,5.829580,-17.477507]"
  ],
  "Slice" : 139,
  "DataValues" : [
    942,
    944,
    906,
    936,
    958,
    898,
    882,
    964,
    972,
    968,
    899,
    942,
    957,
    957,
    887,
    898
  ],
  "ROIPoints" : [
    "[277.558878,249.558216]",
    "[280.482485,252.203575]",
    "[283.247119,253.523357]",
    "[285.847720,254.382053]",
    "[283.277621,253.557976]",
    "[280.382229,253.022424]",
    "[277.779193,250.806435]"
  ]
}