{
  "DataSummary" : {
    "Max" : 1391,
    "Median" : 921,
    "Dev" : 100.51716613769531,
    "Name" : "Ilha",
    "AreaCM2" : 0.36159152984619142,
    "LengthPIX" : 62.326286315917969,
    "Mean" : 923.20074462890625,
    "LengthCM" : 2.3372361660003662,
    "AreaPIX2" : 257.13174438476562,
    "Total" : 257573,
    "Min" : 694,
    "Type" : "Pencil"
  },
  "Name" : "Ilha",
  "ROI3DPoints" : [
    "[-8.896392,-28.515415,43.155109]",
    "[-8.896392,-28.549805,44.394222]",
    "[-8.896392,-28.604971,45.682388]",
    "[-8.896392,-28.619081,46.940266]",
    "[-8.896392,-29.763365,47.658955]",
    "[-8.896392,-30.706913,48.955490]",
    "[-8.896392,-31.927134,49.084126]",
    "[-8.896392,-33.328022,48.325233]",
    "[-8.896392,-34.580246,47.206547]",
    "[-8.896392,-34.933064,45.944153]",
    "[-8.896392,-34.163540,44.666245]",
    "[-8.896392,-33.041199,43.358406]",
    "[-8.896392,-31.765858,42.190331]",
    "[-8.896392,-30.474804,41.580772]",
    "[-8.896392,-29.252111,40.750683]",
    "[-8.896392,-28.335068,41.997005]"
  ],
  "Slice" : 139,
  "DataValues" : [
    1391,
    1365,
    1326,
    1326,
    1201,
    1108,
    1095,
    1050,
    1064,
    1138,
    1250,
    1047,
    1056,
    1068,
    1060,
    1035,
    1031,
    1017,
    1003,
    1052,
    1068,
    1058,
    1012,
    1009,
    1024,
    999,
    1001,
    1024,
    1050,
    1059,
    1127,
    1009,
    1026,
    1014,
    1012,
    992,
    976,
    967,
    966,
    982,
    903,
    932,
    1020,
    1002,
    975,
    966,
    969,
    978,
    973,
    945,
    939,
    976,
    933,
    1017,
    1034,
    1021,
    1061,
    1112,
    981,
    962,
    966,
    973,
    990,
    978,
    974,
    958,
    909,
    959,
    944,
    898,
    931,
    955,
    987,
    1043,
    853,
    924,
    937,
    960,
    934,
    983,
    977,
    950,
    981,
    940,
    898,
    929,
    977,
    956,
    975,
    1005,
    1086,
    869,
    957,
    962,
    987,
    956,
    947,
    935,
    943,
    1002,
    956,
    937,
    934,
    919,
    911,
    924,
    938,
    960,
    956,
    810,
    973,
    903,
    948,
    926,
    951,
    944,
    924,
    932,
    945,
    985,
    936,
    897,
    917,
    960,
    954,
    970,
    1068,
    904,
    876,
    934,
    932,
    928,
    892,
    889,
    939,
    955,
    941,
    918,
    951,
    910,
    908,
    883,
    905,
    877,
    752,
    866,
    872,
    888,
    889,
    875,
    893,
    918,
    957,
    988,
    1015,
    978,
    941,
    921,
    919,
    694,
    698,
    849,
    852,
    884,
    870,
    839,
    843,
    895,
    901,
    941,
    937,
    911,
    888,
    919,
    1036,
    1042,
    926,
    898,
    849,
    867,
    847,
    836,
    820,
    882,
    897,
    922,
    927,
    938,
    923,
    888,
    845,
    770,
    872,
    848,
    820,
    860,
    812,
    804,
    862,
    908,
    936,
    906,
    849,
    932,
    990,
    871,
    905,
    788,
    772,
    811,
    814,
    870,
    886,
    913,
    911,
    820,
    860,
    893,
    832,
    869,
    779,
    800,
    825,
    801,
    836,
    833,
    851,
    833,
    866,
    892,
    834,
    854,
    764,
    758,
    777,
    836,
    854,
    827,
    794,
    839,
    858,
    847,
    806,
    756,
    764,
    811,
    828,
    759,
    820,
    811,
    866,
    870,
    843,
    873,
    838,
    810,
    766,
    775,
    808,
    817,
    841,
    853,
    914,
    764,
    799,
    797,
    872,
    883,
    886,
    884,
    775,
    795,
    796,
    851,
    899,
    801,
    856,
    861,
    782
  ],
  "ROIPoints" : [
    "[186.192555,89.119467]",
    "[186.100839,85.815161]",
    "[185.953732,82.380057]",
    "[185.916101,79.025717]",
    "[182.864689,77.109213]",
    "[180.348552,73.651785]",
    "[177.094633,73.308752]",
    "[173.358940,75.332465]",
    "[170.019668,78.315634]",
    "[169.078828,81.682013]",
    "[171.130890,85.089774]",
    "[174.123796,88.577338]",
    "[177.524709,91.692206]",
    "[180.967510,93.317694]",
    "[184.228031,95.531271]",
    "[186.673470,92.207739]"
  ]
}