{
  "DataSummary" : {
    "Max" : 825,
    "Median" : 714,
    "Dev" : 33.855583190917969,
    "Name" : "Ilha",
    "AreaCM2" : 0.26329351425170899,
    "LengthPIX" : 58.794021606445312,
    "Mean" : 722.74285888671875,
    "LengthCM" : 2.2047784328460693,
    "AreaPIX2" : 187.23094177246094,
    "Total" : 151776,
    "Min" : 667,
    "Type" : "Pencil"
  },
  "Name" : "Ilha",
  "ROI3DPoints" : [
    "[-8.896392,-46.303310,44.416710]",
    "[-8.896392,-47.613964,43.975319]",
    "[-8.896392,-48.841576,42.996861]",
    "[-8.896392,-48.420876,41.630703]",
    "[-8.896392,-47.642677,40.308804]",
    "[-8.896392,-46.862011,39.025890]",
    "[-8.896392,-45.813614,37.718906]",
    "[-8.896392,-44.745987,36.414047]",
    "[-8.896392,-43.516430,35.934414]",
    "[-8.896392,-42.962593,37.235188]",
    "[-8.896392,-43.505386,38.459633]",
    "[-8.896392,-43.980011,39.811054]",
    "[-8.896392,-44.109673,41.113945]",
    "[-8.896392,-44.659836,42.342670]",
    "[-8.896392,-45.100945,43.635166]"
  ],
  "Slice" : 139,
  "DataValues" : [
    822,
    820,
    780,
    819,
    825,
    785,
    811,
    813,
    786,
    796,
    768,
    785,
    795,
    813,
    753,
    769,
    769,
    702,
    714,
    771,
    774,
    769,
    790,
    800,
    743,
    738,
    728,
    717,
    669,
    690,
    714,
    755,
    766,
    781,
    807,
    747,
    702,
    688,
    707,
    708,
    733,
    695,
    724,
    739,
    764,
    774,
    789,
    728,
    708,
    698,
    699,
    705,
    688,
    709,
    741,
    712,
    732,
    745,
    750,
    717,
    736,
    712,
    707,
    698,
    697,
    715,
    700,
    726,
    770,
    744,
    698,
    754,
    704,
    695,
    714,
    696,
    700,
    688,
    683,
    728,
    759,
    747,
    700,
    704,
    698,
    692,
    722,
    676,
    731,
    711,
    682,
    725,
    748,
    686,
    723,
    731,
    673,
    708,
    687,
    687,
    695,
    683,
    703,
    765,
    737,
    717,
    708,
    708,
    703,
    688,
    677,
    718,
    711,
    724,
    739,
    725,
    722,
    722,
    674,
    693,
    704,
    708,
    726,
    715,
    714,
    735,
    702,
    693,
    674,
    693,
    667,
    694,
    713,
    701,
    711,
    740,
    679,
    705,
    707,
    668,
    684,
    690,
    707,
    689,
    713,
    687,
    683,
    685,
    701,
    716,
    696,
    734,
    722,
    710,
    700,
    706,
    689,
    699,
    697,
    698,
    754,
    738,
    685,
    726,
    706,
    705,
    724,
    712,
    723,
    711,
    692,
    705,
    701,
    704,
    693,
    723,
    744,
    751,
    693,
    752,
    705,
    696,
    748,
    724,
    770,
    713,
    704,
    738,
    726,
    718,
    746,
    725,
    736,
    695,
    714,
    735,
    717,
    714,
    737,
    736,
    703,
    715,
    728,
    741,
    762,
    715,
    690,
    693,
    731,
    698
  ],
  "ROIPoints" : [
    "[138.758167,85.755194]",
    "[135.263096,86.932242]",
    "[131.989460,89.541464]",
    "[133.111324,93.184546]",
    "[135.186527,96.709616]",
    "[137.268303,100.130713]",
    "[140.064026,103.616003]",
    "[142.911033,107.095625]",
    "[146.189850,108.374655]",
    "[147.666748,104.905920]",
    "[146.219295,101.640738]",
    "[144.953636,98.036947]",
    "[144.607868,94.562567]",
    "[143.140770,91.285971]",
    "[141.964485,87.839316]"
  ]
}