{
  "DataSummary" : {
    "Max" : 1216,
    "Median" : 1100,
    "Dev" : 86.029067993164062,
    "Name" : "",
    "AreaCM2" : 0.011025952100753784,
    "LengthPIX" : 16.457454681396484,
    "Mean" : 1097,
    "LengthCM" : 0.61715447902679443,
    "AreaPIX2" : 7.8406767845153809,
    "Total" : 15358,
    "Min" : 946,
    "Type" : "Pencil"
  },
  "Name" : "Unnamed",
  "ROI3DPoints" : [
    "[-8.896392,-9.804153,-17.777868]",
    "[-8.896392,-10.193493,-16.784458]",
    "[-8.896392,-10.212433,-15.737547]",
    "[-8.896392,-10.476837,-16.151657]",
    "[-8.896392,-10.741247,-16.565773]",
    "[-8.896392,-11.174932,-16.858690]",
    "[-8.896392,-11.608618,-17.151613]",
    "[-8.896392,-11.256123,-17.144793]"
  ],
  "Slice" : 139,
  "DataValues" : [
    1050,
    1163,
    1047,
    1178,
    1183,
    1081,
    1196,
    1216,
    1179,
    1043,
    1100,
    997,
    979,
    946
  ],
  "ROIPoints" : [
    "[236.089245,251.607403]",
    "[235.051011,248.958305]",
    "[235.000510,246.166546]",
    "[234.295423,247.270849]",
    "[233.590336,248.375152]",
    "[232.433839,249.156273]",
    "[231.277342,249.937393]",
    "[232.217331,249.919206]"
  ]
}