{
  "DataSummary" : {
    "Max" : 1264,
    "Median" : 1101,
    "Dev" : 103.95828247070312,
    "Name" : "",
    "AreaCM2" : 0.032823517322540283,
    "LengthPIX" : 76.098831176757812,
    "Mean" : 1086.6478271484375,
    "LengthCM" : 2.8537051677703857,
    "AreaPIX2" : 23.341167449951172,
    "Total" : 77152,
    "Min" : 752,
    "Type" : "Pencil"
  },
  "Name" : "Unnamed",
  "ROI3DPoints" : [
    "[-5.096392,-4.845245,28.615604]",
    "[-5.096392,-4.664040,27.897785]",
    "[-5.096392,-4.819170,27.212158]",
    "[-5.096392,-4.943161,26.398987]",
    "[-5.096392,-5.109541,25.215376]",
    "[-5.096392,-5.223284,24.444868]",
    "[-5.096392,-5.419315,23.659466]",
    "[-5.096392,-5.633949,22.958006]",
    "[-5.096392,-5.983383,22.331493]",
    "[-5.096392,-6.329252,21.700953]",
    "[-5.096392,-5.719728,22.193392]",
    "[-5.096392,-5.155380,22.963654]",
    "[-5.096392,-4.566833,23.748129]",
    "[-5.096392,-3.941420,24.428492]",
    "[-5.096392,-3.225849,25.189415]",
    "[-5.096392,-2.474155,25.849607]",
    "[-5.096392,-1.865358,26.322580]",
    "[-5.096392,-1.165724,26.833244]",
    "[-5.096392,-0.444254,27.373960]",
    "[-5.096392,0.228785,28.070419]",
    "[-5.096392,-0.434675,27.652212]",
    "[-5.096392,-1.092127,27.138945]",
    "[-5.096392,-1.781485,26.679041]",
    "[-5.096392,-2.456263,26.139246]",
    "[-5.096392,-3.084354,25.592756]",
    "[-5.096392,-3.746767,25.068377]",
    "[-5.096392,-4.210001,24.528341]",
    "[-5.096392,-5.005497,23.818527]",
    "[-5.096392,-5.066271,24.529388]",
    "[-5.096392,-4.983484,25.176180]",
    "[-5.096392,-4.896847,25.893158]",
    "[-5.096392,-4.765011,26.509800]",
    "[-5.096392,-4.646582,27.232901]",
    "[-5.096392,-4.560476,27.871876]",
    "[-5.096392,-4.490862,28.621311]"
  ],
  "Slice" : 149,
  "DataValues" : [
    1011,
    1038,
    1058,
    820,
    1058,
    917,
    859,
    752,
    1099,
    1094,
    990,
    916,
    824,
    1101,
    1097,
    1079,
    1035,
    934,
    825,
    1130,
    1088,
    1049,
    1035,
    1005,
    1163,
    1124,
    1070,
    1068,
    1007,
    1149,
    1048,
    1090,
    1015,
    1172,
    1060,
    1012,
    1045,
    1199,
    1050,
    1106,
    1076,
    1238,
    1170,
    1131,
    1111,
    1049,
    1193,
    1194,
    1152,
    1089,
    1205,
    1177,
    1153,
    1116,
    1178,
    1151,
    1151,
    1170,
    1264,
    1204,
    1182,
    1137,
    1190,
    1159,
    1178,
    1189,
    1158,
    1151,
    1136,
    1159,
    1149
  ],
  "ROIPoints" : [
    "[249.313006,127.891479]",
    "[249.796221,129.805671]",
    "[249.382544,131.634002]",
    "[249.051901,133.802459]",
    "[248.608210,136.958762]",
    "[248.304904,139.013442]",
    "[247.782153,141.107856]",
    "[247.209788,142.978408]",
    "[246.277976,144.649116]",
    "[245.355650,146.330551]",
    "[246.981047,145.017387]",
    "[248.485980,142.963348]",
    "[250.055434,140.871421]",
    "[251.723208,139.057113]",
    "[253.631388,137.027984]",
    "[255.635909,135.267471]",
    "[257.259367,134.006210]",
    "[259.125052,132.644447]",
    "[261.048979,131.202529]",
    "[262.843756,129.345313]",
    "[261.074515,130.460525]",
    "[259.321333,131.829238]",
    "[257.483046,133.055656]",
    "[255.683623,134.495109]",
    "[254.008715,135.952407]",
    "[252.242285,137.350761]",
    "[251.006994,138.790851]",
    "[248.885668,140.683685]",
    "[248.723609,138.788062]",
    "[248.944361,137.063278]",
    "[249.175406,135.151336]",
    "[249.526968,133.506965]",
    "[249.842772,131.578689]",
    "[250.072386,129.874755]",
    "[250.258021,127.876258]"
  ]
}