{
  "DataSummary" : {
    "Max" : 2072,
    "Median" : 1186,
    "Dev" : 241.36256408691406,
    "Name" : "",
    "AreaCM2" : 0.28392383575439456,
    "LengthPIX" : 250.73880004882812,
    "Mean" : 1199.261474609375,
    "LengthCM" : 9.4027032852172852,
    "AreaPIX2" : 201.90139770507812,
    "Total" : 366974,
    "Min" : 207,
    "Type" : "Pencil"
  },
  "Name" : "Unnamed",
  "ROI3DPoints" : [
    "[-5.096392,-20.312284,17.766829]",
    "[-5.096392,-19.690899,17.950661]",
    "[-5.096392,-19.016630,17.850479]",
    "[-5.096392,-18.342865,17.749851]",
    "[-5.096392,-17.600143,17.625460]",
    "[-5.096392,-16.877403,17.439482]",
    "[-5.096392,-16.262438,17.326786]",
    "[-5.096392,-15.440191,17.110870]",
    "[-5.096392,-14.708422,16.932428]",
    "[-5.096392,-15.524042,16.754885]",
    "[-5.096392,-16.276834,16.585358]",
    "[-5.096392,-16.855957,15.961140]",
    "[-5.096392,-17.269152,15.311441]",
    "[-5.096392,-17.754107,16.142242]",
    "[-5.096392,-18.206497,16.806870]",
    "[-5.096392,-19.093454,17.238535]",
    "[-5.096392,-19.957495,17.409441]",
    "[-5.096392,-20.638023,17.400566]",
    "[-5.096392,-21.463228,17.322117]",
    "[-5.096392,-22.285160,17.227285]",
    "[-5.096392,-22.985767,17.085934]",
    "[-5.096392,-23.639500,16.886972]",
    "[-5.096392,-23.861967,17.560709]",
    "[-5.096392,-23.913797,18.231522]",
    "[-5.096392,-23.962795,18.886456]",
    "[-5.096392,-24.060276,19.642406]",
    "[-5.096392,-24.263741,20.369696]",
    "[-5.096392,-24.567816,20.985662]",
    "[-5.096392,-25.217325,21.548265]",
    "[-5.096392,-25.859081,21.666426]",
    "[-5.096392,-26.535919,21.594036]",
    "[-5.096392,-27.216814,21.271124]",
    "[-5.096392,-27.711571,20.618376]",
    "[-5.096392,-27.990658,19.936600]",
    "[-5.096392,-28.124422,19.288675]",
    "[-5.096392,-28.184544,18.561970]",
    "[-5.096392,-28.564859,19.268774]",
    "[-5.096392,-28.772655,19.925905]",
    "[-5.096392,-29.114330,20.626518]",
    "[-5.096392,-29.642796,21.322966]",
    "[-5.096392,-30.386885,22.110777]",
    "[-5.096392,-31.131489,22.828665]",
    "[-5.096392,-31.794823,23.544865]",
    "[-5.096392,-32.112873,24.181208]",
    "[-5.096392,-31.517057,23.512003]",
    "[-5.096392,-30.902596,22.952044]",
    "[-5.096392,-30.211979,22.484930]",
    "[-5.096392,-29.475615,22.388525]",
    "[-5.096392,-28.737917,23.005779]",
    "[-5.096392,-28.092562,23.132002]",
    "[-5.096392,-27.913170,23.902258]",
    "[-5.096392,-28.053738,24.707979]",
    "[-5.096392,-28.289492,25.359222]",
    "[-5.096392,-28.615059,26.066456]",
    "[-5.096392,-28.959990,26.837696]",
    "[-5.096392,-29.200928,27.528278]",
    "[-5.096392,-29.244759,28.328501]",
    "[-5.096392,-29.099167,29.175547]",
    "[-5.096392,-28.949472,30.088963]",
    "[-5.096392,-28.888922,30.753305]",
    "[-5.096392,-28.847443,31.363155]",
    "[-5.096392,-28.823936,31.997906]",
    "[-5.096392,-28.703138,31.118698]",
    "[-5.096392,-28.617188,30.245449]",
    "[-5.096392,-28.551178,29.549969]",
    "[-5.096392,-28.424400,28.713692]",
    "[-5.096392,-28.349184,27.982431]",
    "[-5.096392,-28.306950,27.218000]",
    "[-5.096392,-28.227808,26.419403]",
    "[-5.096392,-28.123049,25.596378]",
    "[-5.096392,-27.999372,24.956345]",
    "[-5.096392,-27.832947,24.191851]",
    "[-5.096392,-27.710472,23.532379]",
    "[-5.096392,-27.595579,22.873371]",
    "[-5.096392,-26.965834,22.437614]",
    "[-5.096392,-26.306654,22.224165]",
    "[-5.096392,-25.674099,21.957157]",
    "[-5.096392,-25.058229,21.789684]",
    "[-5.096392,-24.438498,21.885111]",
    "[-5.096392,-24.037645,22.519869]",
    "[-5.096392,-23.801382,23.263288]",
    "[-5.096392,-23.547850,23.970436]",
    "[-5.096392,-23.166252,24.732481]",
    "[-5.096392,-23.016197,25.343710]",
    "[-5.096392,-22.959320,26.133432]",
    "[-5.096392,-23.005262,26.776281]",
    "[-5.096392,-23.204189,27.707899]",
    "[-5.096392,-23.345203,28.321411]",
    "[-5.096392,-23.375822,29.081318]",
    "[-5.096392,-23.292498,29.798502]",
    "[-5.096392,-23.256575,30.511000]",
    "[-5.096392,-23.286844,31.153357]",
    "[-5.096392,-23.284636,30.434219]",
    "[-5.096392,-23.029873,29.397322]",
    "[-5.096392,-22.709450,28.545275]",
    "[-5.096392,-22.388437,27.825956]",
    "[-5.096392,-21.869637,26.973074]",
    "[-5.096392,-21.298954,26.274492]",
    "[-5.096392,-20.678724,25.807917]",
    "[-5.096392,-19.985504,25.513849]",
    "[-5.096392,-20.733473,25.607164]",
    "[-5.096392,-21.518589,25.361116]",
    "[-5.096392,-22.023994,24.728533]",
    "[-5.096392,-22.536753,24.100218]",
    "[-5.096392,-22.947121,23.434641]",
    "[-5.096392,-23.544388,22.701624]",
    "[-5.096392,-23.847834,22.072268]",
    "[-5.096392,-24.028124,21.356789]",
    "[-5.096392,-24.038160,20.685993]",
    "[-5.096392,-23.331802,20.296419]",
    "[-5.096392,-22.629496,20.465260]",
    "[-5.096392,-22.014610,20.667099]",
    "[-5.096392,-22.746260,20.146519]",
    "[-5.096392,-23.176168,19.418863]",
    "[-5.096392,-23.388634,18.744875]",
    "[-5.096392,-23.455845,18.034306]",
    "[-5.096392,-22.763414,17.480949]",
    "[-5.096392,-22.037802,17.333818]",
    "[-5.096392,-21.358538,17.252834]",
    "[-5.096392,-20.631626,17.196037]",
    "[-5.096392,-19.927866,17.195860]"
  ],
  "Slice" : 149,