{
  "DataSummary" : {
    "Max" : 1137,
    "Median" : 887,
    "Dev" : 211.62152099609375,
    "Name" : "",
    "AreaCM2" : 0.048258614540100102,
    "LengthPIX" : 48.901020050048828,
    "Mean" : 818.98040771484375,
    "LengthCM" : 1.8337869644165039,
    "AreaPIX2" : 34.317237854003906,
    "Total" : 41768,
    "Min" : 204,
    "Type" : "Pencil"
  },
  "Name" : "Unnamed",
  "ROI3DPoints" : [
    "[2.503608,-32.399357,28.417267]",
    "[2.503608,-32.313408,27.544014]",
    "[2.503608,-32.125702,26.931429]",
    "[2.503608,-31.897831,26.214056]",
    "[2.503608,-31.638393,25.507103]",
    "[2.503608,-32.006195,26.162220]",
    "[2.503608,-32.402481,26.795307]",
    "[2.503608,-33.078777,27.363369]",
    "[2.503608,-33.785553,27.430346]",
    "[2.503608,-34.549389,27.336206]",
    "[2.503608,-35.246746,27.124233]",
    "[2.503608,-35.871059,26.769753]",
    "[2.503608,-35.788509,27.605469]",
    "[2.503608,-35.996235,28.333021]",
    "[2.503608,-36.339794,29.057066]",
    "[2.503608,-36.692425,29.703630]",
    "[2.503608,-36.986282,30.361795]",
    "[2.503608,-36.400219,29.657980]",
    "[2.503608,-35.742229,29.040134]",
    "[2.503608,-35.050148,28.604334]",
    "[2.503608,-34.178200,28.314928]",
    "[2.503608,-33.440002,28.178915]",
    "[2.503608,-32.776623,28.102720]",
    "[2.503608,-32.093845,28.201866]"
  ],
  "Slice" : 169,
  "DataValues" : [
    891,
    906,
    923,
    893,
    903,
    959,
    1000,
    919,
    995,
    971,
    886,
    700,
    799,
    927,
    871,
    849,
    887,
    204,
    498,
    640,
    760,
    953,
    963,
    283,
    382,
    401,
    697,
    549,
    587,
    835,
    864,
    866,
    880,
    824,
    546,
    353,
    898,
    858,
    723,
    1073,
    965,
    936,
    919,
    865,
    1043,
    956,
    1137,
    1027,
    1021,
    981,
    1002
  ],
  "ROIPoints" : [
    "[175.835372,128.420387]",
    "[176.064579,130.749053]",
    "[176.565131,132.382621]",
    "[177.172775,134.295616]",
    "[177.864615,136.180824]",
    "[176.883805,134.433845]",
    "[175.827036,132.745612]",
    "[174.023585,131.230781]",
    "[172.138855,131.052177]",
    "[170.101962,131.303214]",
    "[168.242339,131.868476]",
    "[166.577492,132.813751]",
    "[166.797644,130.585174]",
    "[166.243702,128.645042]",
    "[165.327542,126.714248]",
    "[164.387198,124.990074]",
    "[163.603571,123.234969]",
    "[165.166407,125.111808]",
    "[166.921052,126.759399]",
    "[168.766594,127.921531]",
    "[171.091795,128.693290]",
    "[173.060320,129.055991]",
    "[174.829329,129.259170]",
    "[176.650063,128.994781]"
  ]
}