{
  "DataSummary" : {
    "Max" : 1072,
    "Median" : 817,
    "Dev" : 63.485992431640625,
    "Name" : "",
    "AreaCM2" : 0.85144996643066406,
    "LengthPIX" : 128.37527465820312,
    "Mean" : 831.59161376953125,
    "LengthCM" : 4.8140716552734375,
    "AreaPIX2" : 605.47552490234375,
    "Total" : 553840,
    "Min" : 692,
    "Type" : "Pencil"
  },
  "Name" : "Unnamed",
  "ROI3DPoints" : [
    "[10.103607,-17.524984,42.312366]",
    "[10.103607,-18.164469,42.528885]",
    "[10.103607,-18.885904,42.427845]",
    "[10.103607,-19.586248,42.290760]",
    "[10.103607,-20.295256,42.082840]",
    "[10.103607,-21.012543,41.856396]",
    "[10.103607,-21.626358,41.733479]",
    "[10.103607,-22.153290,41.788490]",
    "[10.103607,-22.980228,41.400753]",
    "[10.103607,-23.700348,41.197800]",
    "[10.103607,-24.377403,40.929379]",
    "[10.103607,-25.002846,40.618267]",
    "[10.103607,-25.718182,40.238480]",
    "[10.103607,-26.468296,39.927460]",
    "[10.103607,-27.196495,39.716915]",
    "[10.103607,-27.814442,39.527161]",
    "[10.103607,-28.427605,39.353291]",
    "[10.103607,-29.120773,39.085861]",
    "[10.103607,-29.755737,38.743935]",
    "[10.103607,-30.376888,38.440651]",
    "[10.103607,-31.022404,38.189789]",
    "[10.103607,-31.374001,37.528198]",
    "[10.103607,-31.619848,36.883862]",
    "[10.103607,-31.804356,36.223370]",
    "[10.103607,-31.701548,35.561302]",
    "[10.103607,-31.510357,34.881886]",
    "[10.103607,-31.233295,34.267582]",
    "[10.103607,-30.966196,33.622971]",
    "[10.103607,-30.747751,32.945675]",
    "[10.103607,-30.531498,32.225208]",
    "[10.103607,-30.235943,31.602154]",
    "[10.103607,-29.861446,30.993729]",
    "[10.103607,-29.190239,30.535902]",
    "[10.103607,-28.534132,30.519163]",
    "[10.103607,-27.859085,30.693493]",
    "[10.103607,-27.239216,30.721821]",
    "[10.103607,-26.609499,30.655319]",
    "[10.103607,-25.999763,30.527243]",
    "[10.103607,-25.304272,30.331532]",
    "[10.103607,-24.627142,30.285418]",
    "[10.103607,-23.986530,30.395260]",
    "[10.103607,-23.375685,30.408438]",
    "[10.103607,-23.337427,31.089388]",
    "[10.103607,-23.827023,31.783434]",
    "[10.103607,-24.486048,32.315220]",
    "[10.103607,-25.043467,32.982052]",
    "[10.103607,-25.432589,33.661800]",
    "[10.103607,-25.623121,34.290264]",
    "[10.103607,-25.598877,34.936867]",
    "[10.103607,-25.336424,35.595879]",
    "[10.103607,-24.747059,36.270378]",
    "[10.103607,-24.079931,36.747837]",
    "[10.103607,-23.493490,37.367325]",
    "[10.103607,-22.844193,38.002911]",
    "[10.103607,-22.178049,38.279625]",
    "[10.103607,-21.534216,38.318367]",
    "[10.103607,-20.852291,38.280521]",
    "[10.103607,-20.147873,38.237003]",
    "[10.103607,-19.523552,38.214138]",
    "[10.103607,-18.913994,38.329708]",
    "[10.103607,-18.219641,38.808815]",
    "[10.103607,-17.707546,39.488091]",
    "[10.103607,-17.327562,40.100819]",
    "[10.103607,-16.778761,40.742615]",
    "[10.103607,-16.542830,41.411350]",
    "[10.103607,-16.599649,42.062962]",
    "[10.103607,-17.044104,42.356277]"
  ],
  "Slice" : 189,
  "DataValues" : [
    970,
    1017,
    979,
    977,
    958,
    870,
    841,
    810,
    982,
    944,
    922,
    932,
    895,
    878,
    849,
    834,
    847,
    853,
    858,
    926,
    920,
    957,
    931,
    930,
    952,
    919,
    846,
    823,
    798,
    799,
    764,
    807,
    798,
    808,
    885,
    926,
    983,
    915,
    924,
    940,
    917,
    889,
    840,
    818,
    776,
    803,
    807,
    800,
    796,
    807,
    839,
    795,
    785,
    814,
    822,
    881,
    928,
    882,
    891,
    826,
    846,
    827,
    812,
    818,
    795,
    797,
    825,
    797,
    798,
    813,
    806,
    804,
    794,
    831,
    799,
    796,
    829,
    855,
    884,
    838,
    878,
    848,
    792,
    810,
    775,
    795,
    804,
    807,
    797,
    788,
    758,
    789,
    781,
    783,
    763,
    771,
    805,
    779,
    804,
    813,
    831,
    863,
    842,
    901,
    854,
    809,
    787,
    745,
    789,
    761,
    747,
    781,
    773,
    767,
    792,
    809,
    811,
    784,
    790,
    791,
    792,
    793,
    808,
    828,
    826,
    828,
    855,
    899,
    844,
    858,
    844,
    807,
    748,
    729,
    791,
    773,
    765,
    763,
    763,
    780,
    751,
    791,
    778,
    796,
    792,
    820,
    818,
    778,
    785,
    796,
    823,
    808,
    805,
    837,
    863,
    869,
    888,
    875,
    791,
    812,
    830,
    786,
    786,
    764,
    756,
    766,
    755,
    763,
    767,
    783,
    763,
    779,
    782,
    790,
    814,
    810,
    803,
    793,
    805,
    845,
    807,
    803,
    827,
    811,
    893,
    873,
    888,
    845,
    872,
    811,
    820,
    783,
    770,
    770,
    775,
    776,
    748,
    746,
    740,
    773,
    783,
    767,
    786,
    778,
    777,
    806,
    803,
    828,
    829,
    793,
    818,
    827,
    825,
    856,
    838,
    852,
    926,
    917,
    932,
    818,
    838,
    831,
    800,
    752,
    757,
    773,
    800,
    788,
    767,
    759,
    748,
    770,
    763,
    811,
    789,
    758,
    759,
    787,
    804,
    812,
    807,
    826,
    854,
    832,
    841,
    851,
    820,
    848,
    865,
    885,
    908,
    923,
    827,
    692,
    700,
    808,
    842,
    827,
    796,
    783,
    752,
    721,
    730,
    770,
    769,
    759,
    758,
    777,
    752,
    747,
    805,
    825,
    857,
    871,
    859,
    873,
    856,
    847,
    870,
    869,
    853,
    854,
    899,
    914,
    908,
    915,
    909,
    821,
    807,
    810,
    850,
    808,
    805,
    789,
    760,
    754,
    717,
    750,
    771,
    787,
    790,
    789,
    766,
    771,
    821,
    836,
    861,
    846,
    829,
    823,
    831,
    875,
    863,
    808,
    807,
    829,
    774,
    734,
    729,
    782,
    766,
    770,
    794,
    773,
    787,
    797,
    776,
    807,
    831,
    855,
    848,
    830,
    812,
    817,
    838,
    849,
    838,
    786,
    831,
    824,
    769,
    770,
    748,
    738,
    728,
    738,
    749,
    791,
    789,
    796,
    811,
    810,
    858,
    839,
    794,
    847,
    804,
    864,
    840,
    783,
    816,
    787,
    795,
    772,
    783,
    764,
    792,
    742,
    738,
    786,
    783,
    787,
    809,
    854,
    799,
    824,
    821,
    817,
    814,
    852,
    838,
    786,
    786,
    783,
    781,
    771,
    746,
    767,
    784,
    747,
    751,
    769,
    770,
    803,
    829,
    836,
    836,
    846,
    841,
    822,
    823,
    807,
    836,
    781,
    763,
    784,
    788,
    754,
    759,
    755,
    751,
    757,
    790,
    777,
    761,
    821,
    801,
    801,
    841,
    832,
    814,
    811,
    771,
    764,
    810,
    780,
    755,
    758,
    774,
    782,
    774,
    767,
    762,
    795,
    822,
    804,
    806,
    850,
    828,
    828,
    780,
    793,
    783,
    810,
    774,
    786,
    787,
    766,
    762,
    795,
    799,
    775,
    820,
    859,
    823,
    863,
    802,
    772,
    809,
    790,
    786,
    785,
    790,
    793,
    801,
    763,
    763,
    773,
    760,
    776,
    806,
    853,
    840,
    832,
    779,
    805,
    825,
    784,
    792,
    810,
    781,
    789,
    803,
    783,
    785,
    821,
    830,
    878,
    837,
    836,
    814,
    784,
    799,
    791,
    787,
    770,
    815,
    792,
    762,
    805,
    798,
    795,
    817,
    802,
    839,
    853,
    806,
    811,
    820,
    812,
    802,
    798,
    807,
    822,
    797,
    776,
    842,
    821,
    832,
    840,
    866,
    833,
    816,
    861,
    829,
    782,
    812,
    825,
    803,
    818,
    825,
    801,
    810,
    863,
    829,
    841,
    888,
    855,
    887,
    855,
    833,
    844,
