{
  "DataSummary" : {
    "Max" : 909,
    "Median" : 835,
    "Dev" : 41.335353851318359,
    "Name" : "",
    "AreaCM2" : 0.0058581435680389402,
    "LengthPIX" : 39.840969085693359,
    "Mean" : 831.59259033203125,
    "LengthCM" : 1.4940364360809326,
    "AreaPIX2" : 4.1657910346984863,
    "Total" : 22453,
    "Min" : 744,
    "Type" : "Pencil"
  },
  "Name" : "Unnamed",
  "ROI3DPoints" : [
    "[10.103607,10.373537,-10.809395]",
    "[10.103607,11.073950,-11.426060]",
    "[10.103607,11.934843,-11.832794]",
    "[10.103607,12.740576,-12.192820]",
    "[10.103607,13.543711,-12.533173]",
    "[10.103607,14.184843,-12.784531]",
    "[10.103607,14.980494,-13.053524]",
    "[10.103607,15.721521,-13.205410]",
    "[10.103607,16.496916,-13.363230]",
    "[10.103607,17.149309,-13.493944]",
    "[10.103607,16.504343,-13.682034]",
    "[10.103607,15.827436,-13.624510]",
    "[10.103607,15.151388,-13.437616]",
    "[10.103607,14.434645,-13.015993]",
    "[10.103607,13.806021,-12.623610]",
    "[10.103607,13.147722,-12.272694]",
    "[10.103607,12.506681,-11.950439]",
    "[10.103607,11.713205,-11.646370]",
    "[10.103607,11.064531,-11.385983]"
  ],
  "Slice" : 189,
  "DataValues" : [
    882,
    828,
    857,
    908,
    869,
    909,
    877,
    838,
    891,
    835,
    849,
    790,
    795,
    832,
    781,
    842,
    816,
    803,
    806,
    827,
    843,
    847,
    838,
    800,
    786,
    760,
    744
  ],
  "ROIPoints" : [
    "[289.896422,233.024814]",
    "[291.764197,234.669243]",
    "[294.059920,235.753869]",
    "[296.208525,236.713936]",
    "[298.350226,237.621550]",
    "[300.059920,238.291836]",
    "[302.181654,239.009148]",
    "[304.157713,239.414190]",
    "[306.225432,239.835044]",
    "[307.965155,240.183612]",
    "[306.245238,240.685174]",
    "[304.440161,240.531789]",
    "[302.637366,240.033401]",
    "[300.726042,238.909075]",
    "[299.049727,237.862713]",
    "[297.294249,236.926934]",
    "[295.584815,236.067594]",
    "[293.468863,235.256739]",
    "[291.739073,234.562372]"
  ]
}