{
  "DataSummary" : {
    "Max" : 991,
    "Median" : 818,
    "Dev" : 56.582351684570312,
    "Name" : "",
    "AreaCM2" : 0.29694766998291017,
    "LengthPIX" : 56.598476409912109,
    "Mean" : 819.93304443359375,
    "LengthCM" : 2.122443675994873,
    "AreaPIX2" : 211.16278076171875,
    "Total" : 183665,
    "Min" : 408,
    "Type" : "Pencil"
  },
  "Name" : "Unnamed",
  "ROI3DPoints" : [
    "[10.103607,-31.942720,32.096355]",
    "[10.103607,-31.569832,32.725227]",
    "[10.103607,-31.464214,33.425808]",
    "[10.103607,-31.479338,34.059139]",
    "[10.103607,-31.690699,34.727909]",
    "[10.103607,-32.015999,35.439404]",
    "[10.103607,-32.521427,36.192959]",
    "[10.103607,-33.162216,36.704105]",
    "[10.103607,-33.896736,36.961235]",
    "[10.103607,-34.720493,37.091110]",
    "[10.103607,-35.572102,37.147526]",
    "[10.103607,-36.194160,37.076035]",
    "[10.103607,-36.903564,36.923332]",
    "[10.103607,-37.533195,36.667683]",
    "[10.103607,-38.066162,35.973995]",
    "[10.103607,-38.053707,35.289913]",
    "[10.103607,-37.679680,34.673904]",
    "[10.103607,-37.309052,34.010525]",
    "[10.103607,-37.015263,33.289551]",
    "[10.103607,-36.589630,32.630859]",
    "[10.103607,-35.912785,32.325909]",
    "[10.103607,-35.246933,32.151062]",
    "[10.103607,-34.578381,31.842812]",
    "[10.103607,-33.834583,31.419996]",
    "[10.103607,-33.174358,30.907646]",
    "[10.103607,-32.537014,30.656523]",
    "[10.103607,-31.858738,30.752142]",
    "[10.103607,-31.584675,31.414240]"
  ],
  "Slice" : 189,
  "DataValues" : [
    832,
    873,
    818,
    792,
    810,
    809,
    794,
    840,
    826,
    842,
    838,
    865,
    807,
    808,
    813,
    793,
    807,
    855,
    867,
    858,
    853,
    839,
    775,
    809,
    798,
    787,
    791,
    761,
    750,
    806,
    822,
    845,
    871,
    863,
    820,
    822,
    784,
    758,
    745,
    765,
    762,
    764,
    761,
    797,
    804,
    847,
    831,
    861,
    882,
    814,
    795,
    794,
    772,
    740,
    767,
    771,
    754,
    745,
    794,
    779,
    805,
    850,
    799,
    766,
    775,
    769,
    760,
    737,
    781,
    760,
    765,
    764,
    732,
    759,
    760,
    757,
    778,
    786,
    825,
    408,
    685,
    720,
    773,
    795,
    798,
    772,
    771,
    782,
    810,
    805,
    804,
    749,
    760,
    837,
    807,
    934,
    920,
    806,
    788,
    810,
    841,
    823,
    802,
    762,
    794,
    771,
    777,
    762,
    777,
    796,
    832,
    786,
    728,
    775,
    785,
    797,
    778,
    757,
    825,
    835,
    812,
    788,
    801,
    808,
    788,
    776,
    841,
    880,
    864,
    803,
    852,
    858,
    817,
    871,
    816,
    805,
    815,
    810,
    855,
    807,
    789,
    800,
    860,
    867,
    840,
    805,
    845,
    830,
    827,
    824,
    797,
    777,
    833,
    853,
    843,
    803,
    830,
    856,
    840,
    812,
    819,
    823,
    817,
    848,
    832,
    807,
    819,
    829,
    818,
    832,
    814,
    830,
    888,
    959,
    823,
    843,
    836,
    852,
    866,
    843,
    818,
    842,
    817,
    826,
    828,
    831,
    875,
    984,
    886,
    837,
    840,
    863,
    847,
    853,
    844,
    864,
    811,
    945,
    933,
    890,
    861,
    854,
    851,
    849,
    830,
    828,
    945,
    837,
    859,
    875,
    857,
    849,
    920,
    846,
    916,
    896,
    903,
    897,
    914,
    909,
    921,
    954,
    991,
    963
  ],
  "ROIPoints" : [
    "[177.053068,118.609474]",
    "[178.047446,116.932487]",
    "[178.329084,115.064269]",
    "[178.288760,113.375388]",
    "[177.725134,111.592002]",
    "[176.857664,109.694679]",
    "[175.509857,107.685195]",
    "[173.801079,106.322143]",
    "[171.842354,105.636466]",
    "[169.645682,105.290130]",
    "[167.374730,105.139686]",
    "[165.715897,105.330329]",
    "[163.824164,105.737533]",
    "[162.145146,106.419265]",
    "[160.723885,108.269103]",
    "[160.757117,110.093322]",
    "[161.754523,111.736007]",
    "[162.742854,113.505027]",
    "[163.526284,115.427619]",
    "[164.661314,117.184127]",
    "[166.466235,117.997337]",
    "[168.241833,118.463592]",
    "[170.024640,119.285590]",
    "[172.008095,120.413101]",
    "[173.768700,121.779365]",
    "[175.468286,122.449027]",
    "[177.277018,122.194045]",
    "[178.007860,120.428451]"
  ]
}