{
  "DataSummary" : {
    "Max" : 1099,
    "Median" : 995,
    "Dev" : 48.514717102050781,
    "Name" : "",
    "AreaCM2" : 0.018323887586593628,
    "LengthPIX" : 51.512580871582031,
    "Mean" : 993.5897216796875,
    "LengthCM" : 1.9317210912704468,
    "AreaPIX2" : 13.030320167541504,
    "Total" : 38750,
    "Min" : 903,
    "Type" : "Pencil"
  },
  "Name" : "Unnamed",
  "ROI3DPoints" : [
    "[10.103607,-13.320705,33.549786]",
    "[10.103607,-13.950966,32.968220]",
    "[10.103607,-14.533218,32.293274]",
    "[10.103607,-15.187643,31.705589]",
    "[10.103607,-15.872355,31.374826]",
    "[10.103607,-16.545547,31.176588]",
    "[10.103607,-17.226717,31.226757]",
    "[10.103607,-16.584961,31.108597]",
    "[10.103607,-16.653099,30.444721]",
    "[10.103607,-17.313578,29.751295]",
    "[10.103607,-17.940290,29.550661]",
    "[10.103607,-17.175631,29.534830]",
    "[10.103607,-16.451975,29.925999]",
    "[10.103607,-15.834726,30.543581]",
    "[10.103607,-15.744524,29.862309]",
    "[10.103607,-15.943193,29.034243]",
    "[10.103607,-15.997255,28.413279]",
    "[10.103607,-15.842857,29.087049]",
    "[10.103607,-15.638226,29.942347]",
    "[10.103607,-15.557281,30.628748]",
    "[10.103607,-15.182076,31.418310]",
    "[10.103607,-14.776125,32.135548]",
    "[10.103607,-14.152079,32.863106]",
    "[10.103607,-13.544094,33.269035]",
    "[10.103607,-12.878809,33.593388]"
  ],
  "Slice" : 189,
  "DataValues" : [
    906,
    940,
    912,
    938,
    955,
    903,
    997,
    954,
    1079,
    1033,
    957,
    1015,
    1087,
    1050,
    975,
    981,
    1023,
    1099,
    1006,
    981,
    1046,
    1044,
    995,
    988,
    993,
    1040,
    1032,
    1024,
    998,
    917,
    950,
    1002,
    1059,
    996,
    949,
    977,
    982,
    972,
    995
  ],
  "ROIPoints" : [
    "[226.711771,114.733665]",
    "[225.031088,116.284507]",
    "[223.478411,118.084358]",
    "[221.733273,119.651519]",
    "[219.907376,120.533553]",
    "[218.112193,121.062187]",
    "[216.295752,120.928405]",
    "[218.007092,121.243499]",
    "[217.825400,123.013831]",
    "[216.064112,124.862968]",
    "[214.392888,125.397994]",
    "[216.431969,125.440208]",
    "[218.361718,124.397094]",
    "[220.007727,122.750205]",
    "[220.248257,124.566932]",
    "[219.718480,126.775108]",
    "[219.574311,128.431022]",
    "[219.986039,126.634292]",
    "[220.531722,124.353500]",
    "[220.747578,122.523094]",
    "[221.748126,120.417594]",
    "[222.830658,118.504958]",
    "[224.494784,116.564803]",
    "[226.116080,115.482330]",
    "[227.890166,114.617393]"
  ]
}