{
  "DataSummary" : {
    "Max" : 1061,
    "Median" : 972,
    "Dev" : 118.24405670166016,
    "Name" : "",
    "AreaCM2" : 0.079637923240661629,
    "LengthPIX" : 33.223987579345703,
    "Mean" : 929.18182373046875,
    "LengthCM" : 1.2458996772766113,
    "AreaPIX2" : 56.631412506103516,
    "Total" : 71547,
    "Min" : 634,
    "Type" : "Pencil"
  },
  "Name" : "Unnamed",
  "ROI3DPoints" : [
    "[10.103607,-4.419754,20.274899]",
    "[10.103607,-4.140501,20.890041]",
    "[10.103607,-4.102049,21.512451]",
    "[10.103607,-4.311316,22.153492]",
    "[10.103607,-4.774933,22.767422]",
    "[10.103607,-5.393990,22.436407]",
    "[10.103607,-5.757608,21.641850]",
    "[10.103607,-5.938602,20.914995]",
    "[10.103607,-6.064779,20.258986]",
    "[10.103607,-6.131681,19.615021]",
    "[10.103607,-6.231972,19.000713]",
    "[10.103607,-6.305723,18.198488]",
    "[10.103607,-6.311314,17.654694]",
    "[10.103607,-5.664242,17.430092]",
    "[10.103607,-5.018578,18.006903]",
    "[10.103607,-4.652727,18.706629]",
    "[10.103607,-4.390245,19.366117]"
  ],
  "Slice" : 189,
  "DataValues" : [
    874,
    803,
    959,
    917,
    900,
    960,
    983,
    976,
    932,
    1031,
    1019,
    1027,
    972,
    843,
    1061,
    1056,
    1034,
    1015,
    884,
    1028,
    1018,
    1027,
    1036,
    1024,
    889,
    1011,
    1042,
    1051,
    1052,
    1001,
    878,
    995,
    1055,
    1059,
    1025,
    1019,
    837,
    1020,
    1042,
    1048,
    1029,
    926,
    1034,
    1053,
    1026,
    1008,
    899,
    718,
    1020,
    1020,
    1023,
    976,
    851,
    711,
    984,
    984,
    972,
    908,
    752,
    866,
    946,
    961,
    930,
    789,
    672,
    830,
    916,
    877,
    816,
    745,
    763,
    787,
    709,
    634,
    674,
    665,
    670
  ],
  "ROIPoints" : [
    "[250.447646,150.133369]",
    "[251.192324,148.492980]",
    "[251.294856,146.833228]",
    "[250.736815,145.123779]",
    "[249.500510,143.486640]",
    "[247.849684,144.369338]",
    "[246.880034,146.488166]",
    "[246.397387,148.426444]",
    "[246.060912,150.175796]",
    "[245.882502,151.893043]",
    "[245.615073,153.531188]",
    "[245.418400,155.670455]",
    "[245.403487,157.120574]",
    "[247.129015,157.719512]",
    "[248.850791,156.181358]",
    "[249.826384,154.315414]",
    "[250.526343,152.556785]"
  ]
}