{
  "DataSummary" : {
    "Max" : 1178,
    "Median" : 862,
    "Dev" : 73.251235961914062,
    "Name" : "Ilha",
    "AreaCM2" : 0.71697601318359372,
    "LengthPIX" : 120.90287780761719,
    "Mean" : 883.04937744140625,
    "LengthCM" : 4.5338568687438965,
    "AreaPIX2" : 509.849609375,
    "Total" : 483028,
    "Min" : 746,
    "Type" : "Pencil"
  },
  "Name" : "Ilha",
  "ROI3DPoints" : [
    "[13.903607,-14.442152,35.629681]",
    "[13.903607,-14.879339,35.691769]",
    "[13.903607,-14.476152,35.543907]",
    "[13.903607,-14.072960,35.396049]",
    "[13.903607,-13.580698,35.122162]",
    "[13.903607,-13.088442,34.848278]",
    "[13.903607,-12.816599,34.258106]",
    "[13.903607,-13.007257,33.109898]",
    "[13.903607,-12.805063,31.916573]",
    "[13.903607,-11.944530,31.180490]",
    "[13.903607,-10.719864,31.850048]",
    "[13.903607,-9.907013,33.158695]",
    "[13.903607,-9.511299,34.324238]",
    "[13.903607,-8.952147,35.585835]",
    "[13.903607,-8.540777,36.771996]",
    "[13.903607,-8.726000,37.686352]",
    "[13.903607,-9.462416,38.920692]",
    "[13.903607,-10.817568,39.004028]",
    "[13.903607,-11.921167,39.040306]",
    "[13.903607,-13.005930,39.272793]",
    "[13.903607,-13.794199,39.397335]",
    "[13.903607,-14.186245,39.455288]",
    "[13.903607,-15.076830,39.458405]",
    "[13.903607,-16.512194,39.523232]",
    "[13.903607,-17.704708,39.447945]",
    "[13.903607,-18.215830,39.161385]",
    "[13.903607,-19.189980,38.851467]",
    "[13.903607,-19.617857,38.742344]",
    "[13.903607,-20.465338,38.507469]",
    "[13.903607,-21.563902,38.221272]",
    "[13.903607,-22.534853,37.881943]",
    "[13.903607,-24.016222,37.338432]",
    "[13.903607,-24.812410,37.151558]",
    "[13.903607,-25.293360,36.565483]",
    "[13.903607,-24.716223,36.219936]",
    "[13.903607,-24.379675,35.629997]",
    "[13.903607,-23.809570,35.074333]",
    "[13.903607,-23.298357,34.431355]",
    "[13.903607,-22.787138,33.788372]",
    "[13.903607,-22.070080,33.633278]",
    "[13.903607,-20.768904,33.984741]",
    "[13.903607,-19.584475,34.826859]",
    "[13.903607,-18.395880,35.433071]",
    "[13.903607,-16.840096,35.772991]",
    "[13.903607,-15.753719,35.815941]"
  ],
  "Slice" : 199,
  "DataValues" : [
    779,
    834,
    843,
    864,
    859,
    819,
    857,
    858,
    860,
    872,
    859,
    877,
    834,
    895,
    941,
    837,
    810,
    806,
    796,
    793,
    817,
    811,
    835,
    884,
    861,
    851,
    859,
    848,
    842,
    873,
    836,
    885,
    790,
    839,
    794,
    800,
    808,
    830,
    828,
    821,
    823,
    819,
    843,
    853,
    857,
    826,
    848,
    839,
    872,
    855,
    853,
    846,
    833,
    866,
    852,
    844,
    867,
    831,
    830,
    851,
    853,
    940,
    819,
    782,
    795,
    818,
    809,
    812,
    815,
    811,
    808,
    823,
    844,
    824,
    836,
    827,
    865,
    853,
    819,
    832,
    871,
    851,
    861,
    870,
    875,
    838,
    859,
    827,
    840,
    849,
    856,
    870,
    836,
    860,
    828,
    853,
    905,
    852,
    810,
    812,
    813,
    810,
    816,
    775,
    793,
    863,
    845,
    804,
    822,
    848,
    830,
    837,
    873,
    887,
    866,
    874,
    865,
    833,
    840,
    866,
    829,
    866,
    846,
    867,
    804,
    860,
    844,
    847,
    830,
    838,
    851,
    883,
    812,
    895,
    933,
    768,
    808,
    822,
    796,
    810,
    803,
    803,
    802,
    857,
    831,
    816,
    803,
    817,
    805,
    816,
    853,
    862,
    876,
    874,
    854,
    891,
    839,
    855,
    891,
    848,
    872,
    915,
    845,
    877,
    855,
    838,
    857,
    810,
    799,
    854,
    846,
    860,
    849,
    862,
    841,
    927,
    828,
    794,
    770,
    809,
    786,
    756,
    814,
    810,
    832,
    797,
    805,
    824,
    827,
    825,
    807,
    831,
    816,
    878,
    877,
    870,
    855,
    887,
    862,
    906,
    859,
    838,
    845,
    854,
    835,
    855,
    877,
    857,
    851,
    833,
    834,
    808,
    814,
    868,
    855,
    831,
    833,
    879,
    855,
    979,
    796,
    803,
    797,
    817,
    844,
    817,
    781,
    831,
    829,
    821,
    823,
    807,
    824,
    796,
    805,
    844,
    796,
    841,
    876,
    836,
    909,
    962,
    992,
    961,
    899,
    944,
    920,
    936,
    997,
    980,
    923,
    864,
    877,
    863,
    886,
    868,
    846,
    841,
    847,
    862,
    841,
    845,
    866,
    917,
    923,
    809,
    772,
    791,
    840,
    859,
    850,
    808,
    829,
    829,
    817,
    814,
    821,
    817,
    843,
    812,
    829,
    863,
    872,
    896,
    995,
    996,
    994,
    987,
    988,
    989,
    972,
    966,
    1056,
    1043,
    992,
    919,
    896,
    903,
    882,
    842,
    826,
    855,
    859,
    876,
    870,
    903,
    887,
    877,
    902,
    829,
    823,
    813,
    851,
    870,
    827,
    827,
    792,
    817,
    813,
    818,
    826,
    839,
    835,
    854,
    859,
    915,
    955,
    955,
    986,
    981,
    975,
    952,
    943,
    954,
    956,
    995,
    978,
    1030,
    962,
    901,
    916,
    884,
    890,
    868,
    881,
    862,
    880,
    872,
    884,
    895,
    938,
    943,
    782,
    823,
    844,
    812,
    848,
    841,
    855,
    854,
    857,
    821,
    846,
    854,
    890,
    859,
    871,
    917,
    944,
    936,
    932,
    987,
    993,
    923,
    898,
    897,
    895,
    897,
    880,
    882,
    899,
    912,
    938,
    927,
    974,
    947,
    849,
    847,
    828,
    801,
    823,
    830,
    882,
    869,
    845,
    835,
    846,
    849,
    861,
    902,
    932,
    928,
    927,
    990,
    926,
    905,
    949,
    907,
    896,
    850,
    900,
    940,
    875,
    887,
    913,
    934,
    920,
    878,
    849,
    834,
    800,
    807,
    857,
    824,
    808,
    871,
    881,
    905,
    923,
    954,
    926,
    937,
    875,
    888,
    927,
    920,
    905,
    946,
    981,
    1040,
    1006,
    943,
    876,
    857,
    845,
    810,
    820,
    815,
    882,
    979,
    952,
    952,
    930,
    919,
    918,
    930,
    934,
    910,
    951,
    892,
    862,
    902,
    889,
    863,
    874,
    889,
    892,
    880,
    930,
    923,
    962,
    964,
    912,
    960,
    938,
    944,
    929,
    996,
    1178,
    1150,
    871,
    873,
    848,
    854,
    920,
    948,
    935,
    968,
    944,
    971,
    967,
    1006,
    943,
    1002,
    1091,
    905,
    936,
    977,
    964,
    956,
    977,
    944,
    980,
    1025,
    1024,
    952,
    972,
    971,
    980,
    986,
    1016,
    1020,
    1076,
    1011,
    1056,
    1024,
    1006,
    957,
    981,
    1077,
    1056,
    1111,
    1078,
    1034,
    1035,
    1078,
    1122,
    1146,
    1161,
    1155,
    1142,
    1131,
    1049,
    1021,
    1048,
    946,
    924,
    990,
    751,
    788,
    916,
    913,
    929,
    746,
    1001,
    1050,
    1056
  ],