{
  "DataSummary" : {
    "Max" : 1135,
    "Median" : 850,
    "Dev" : 99.906944274902344,
    "Name" : "",
    "AreaCM2" : 0.11777172088623047,
    "LengthPIX" : 36.026229858398438,
    "Mean" : 865.3900146484375,
    "LengthCM" : 1.3509830236434937,
    "AreaPIX2" : 83.748779296875,
    "Total" : 86539,
    "Min" : 698,
    "Type" : "Pencil"
  },
  "Name" : "Unnamed",
  "ROI3DPoints" : [
    "[13.903607,18.970877,-14.055786]",
    "[13.903607,18.521364,-14.379213]",
    "[13.903607,18.087507,-14.445818]",
    "[13.903607,17.798922,-14.884121]",
    "[13.903607,17.567419,-15.334641]",
    "[13.903607,17.164930,-15.773275]",
    "[13.903607,17.086241,-16.215057]",
    "[13.903607,17.309195,-16.661795]",
    "[13.903607,17.741014,-17.126505]",
    "[13.903607,18.140402,-17.580086]",
    "[13.903607,18.527498,-18.016180]",
    "[13.903607,18.998125,-18.326733]",
    "[13.903607,19.479280,-18.489920]",
    "[13.903607,19.917532,-18.361940]",
    "[13.903607,20.104380,-17.877048]",
    "[13.903607,20.117380,-17.424807]",
    "[13.903607,20.079077,-16.988564]",
    "[13.903607,20.134546,-16.525461]",
    "[13.903607,20.867540,-15.593220]",
    "[13.903607,20.800100,-14.685675]",
    "[13.903607,20.472822,-13.807924]"
  ],
  "Slice" : 199,
  "DataValues" : [
    914,
    916,
    850,
    920,
    956,
    956,
    888,
    892,
    810,
    884,
    925,
    977,
    970,
    934,
    906,
    842,
    815,
    837,
    914,
    1029,
    1006,
    978,
    930,
    951,
    847,
    841,
    775,
    852,
    920,
    1096,
    875,
    934,
    909,
    892,
    817,
    809,
    774,
    836,
    903,
    1086,
    876,
    885,
    897,
    866,
    807,
    746,
    783,
    765,
    897,
    980,
    1088,
    821,
    809,
    821,
    838,
    791,
    747,
    773,
    768,
    907,
    1009,
    803,
    799,
    790,
    777,
    754,
    698,
    733,
    779,
    935,
    771,
    814,
    716,
    766,
    725,
    758,
    785,
    958,
    814,
    777,
    727,
    720,
    760,
    855,
    1003,
    790,
    729,
    710,
    805,
    866,
    1034,
    769,
    807,
    836,
    911,
    1135,
    1004,
    1052,
    1121,
    913
  ],
  "ROIPoints" : [
    "[312.822655,241.681857]",
    "[311.623963,242.544323]",
    "[310.466995,242.721940]",
    "[309.697434,243.890751]",
    "[309.080109,245.092136]",
    "[308.006790,246.261833]",
    "[307.796951,247.439918]",
    "[308.391503,248.631206]",
    "[309.543015,249.870435]",
    "[310.608071,251.079986]",
    "[311.640305,252.242904]",
    "[312.895317,253.071048]",
    "[314.178406,253.506217]",
    "[315.347077,253.164935]",
    "[315.845322,251.871887]",
    "[315.879997,250.665916]",
    "[315.777855,249.502591]",
    "[315.925774,248.267658]",
    "[317.880425,245.781677]",
    "[317.700578,243.361556]",
    "[316.827858,241.020885]"
  ]
}