{
  "DataSummary" : {
    "Max" : 1479,
    "Median" : 1100,
    "Dev" : 166.77127075195312,
    "Name" : "Ilha",
    "AreaCM2" : 0.25771194458007812,
    "LengthPIX" : 134.4827880859375,
    "Mean" : 1091.794921875,
    "LengthCM" : 5.0431027412414551,
    "AreaPIX2" : 183.26182556152344,
    "Total" : 260939,
    "Min" : 226,
    "Type" : "Pencil"
  },
  "Name" : "Ilha",
  "ROI3DPoints" : [
    "[13.903607,-8.215445,14.510406]",
    "[13.903607,-7.077147,14.547199]",
    "[13.903607,-6.990360,15.697794]",
    "[13.903607,-7.695013,16.860817]",
    "[13.903607,-8.294151,17.988455]",
    "[13.903607,-8.210867,19.139250]",
    "[13.903607,-7.060066,19.968792]",
    "[13.903607,-5.682220,20.861866]",
    "[13.903607,-4.738701,21.775093]",
    "[13.903607,-3.769781,22.926111]",
    "[13.903607,-3.289169,24.133795]",
    "[13.903607,-2.936508,25.352688]",
    "[13.903607,-2.525122,26.539286]",
    "[13.903607,-2.971178,27.781553]",
    "[13.903607,-4.176601,28.201477]",
    "[13.903607,-4.799074,29.428301]",
    "[13.903607,-4.706755,30.676447]",
    "[13.903607,-4.901997,31.669868]",
    "[13.903607,-4.719366,32.654686]",
    "[13.903607,-3.731318,32.638550]",
    "[13.903607,-2.617733,31.481726]",
    "[13.903607,-2.015997,31.161430]",
    "[13.903607,-1.634485,30.696291]",
    "[13.903607,-1.723829,29.478176]",
    "[13.903607,-1.972006,28.322550]",
    "[13.903607,-1.302252,27.328945]",
    "[13.903607,-0.777346,25.670422]",
    "[13.903607,-2.244032,24.292170]",
    "[13.903607,-3.359287,23.145506]",
    "[13.903607,-4.043592,22.021793]",
    "[13.903607,-4.366322,20.812170]",
    "[13.903607,-4.281229,19.658846]",
    "[13.903607,-5.444784,19.308382]",
    "[13.903607,-6.597124,19.279406]",
    "[13.903607,-7.989601,18.104149]",
    "[13.903607,-7.433870,16.791586]",
    "[13.903607,-7.015469,15.634268]",
    "[13.903607,-7.108435,14.498505]",
    "[13.903607,-8.249445,13.911097]"
  ],
  "Slice" : 199,
  "DataValues" : [
    1165,
    843,
    970,
    863,
    873,
    581,
    778,
    998,
    1009,
    1085,
    1134,
    1066,
    1060,
    991,
    938,
    1014,
    1154,
    1154,
    1168,
    1121,
    902,
    978,
    1143,
    979,
    865,
    1116,
    1128,
    1096,
    1016,
    858,
    658,
    486,
    843,
    839,
    1179,
    995,
    862,
    877,
    607,
    378,
    226,
    556,
    820,
    1119,
    1222,
    1434,
    1457,
    1405,
    1159,
    905,
    781,
    1353,
    1109,
    1052,
    1046,
    1011,
    1036,
    1119,
    1000,
    932,
    1101,
    1148,
    1093,
    1105,
    1082,
    1093,
    1115,
    1103,
    1103,
    1052,
    1086,
    1137,
    1133,
    1101,
    1106,
    1075,
    1049,
    1093,
    1056,
    969,
    1075,
    1098,
    1153,
    1133,
    1103,
    1104,
    1142,
    1112,
    1048,
    1040,
    1057,
    1056,
    1052,
    1092,
    1066,
    1028,
    1018,
    1066,
    1105,
    1095,
    1113,
    1098,
    1091,
    1041,
    1071,
    1094,
    1093,
    1039,
    968,
    1127,
    1156,
    1250,
    1157,
    1125,
    1119,
    1187,
    1162,
    1056,
    1050,
    1211,
    1278,
    1275,
    1200,
    1160,
    1169,
    1190,
    1068,
    862,
    933,
    1017,
    1277,
    1156,
    1340,
    962,
    998,
    1077,
    693,
    650,
    1270,
    1280,
    1328,
    1242,
    1134,
    980,
    1046,
    1115,
    1055,
    1060,
    1385,
    1479,
    1291,
    1164,
    1172,
    1146,
    974,
    996,
    1085,
    1109,
    1106,
    1063,
    1072,
    1100,
    1110,
    1091,
    1130,
    1174,
    1165,
    1231,
    1231,
    1149,
    1305,
    1379,
    1299,
    1161,
    1218,
    1301,
    1273,
    1298,
    1135,
    1344,
    1397,
    1391,
    1374,
    1337,
    1166,
    1283,
    1267,
    1276,
    1255,
    1262,
    1356,
    1298,
    1154,
    1283,
    1208,
    1140,
    1130,
    1110,
    1156,
    1151,
    1227,
    1219,
    1275,
    1157,
    1092,
    1236,
    1214,
    1118,
    1225,
    1139,
    1148,
    1110,
    1200,
    1115,
    1091,
    1090,
    1080,
    1056,
    1060,
    1098,
    1074,
    1059,
    1059,
    1089,
    1071,
    1037,
    1053,
    1042,
    1066,
    1066,
    1063,
    1027,
    1018,
    1072,
    1026,
    1026,
    1001,
    1027,
    1005
  ],
  "ROIPoints" : [
    "[240.325810,165.505341]",
    "[243.361271,165.407227]",
    "[243.592699,162.338967]",
    "[241.713625,159.237573]",
    "[240.115919,156.230546]",
    "[240.338015,153.161759]",
    "[243.406816,150.949647]",
    "[247.081077,148.568109]",
    "[249.597121,146.132836]",
    "[252.180906,143.063462]",
    "[253.462534,139.842973]",
    "[254.402962,136.592583]",
    "[255.500005,133.428323]",
    "[254.310522,130.115609]",
    "[251.096058,128.995820]",
    "[249.436120,125.724290]",
    "[249.682308,122.395898]",
    "[249.161661,119.746774]",
    "[249.648682,117.120599]",
    "[252.283482,117.163628]",
    "[255.253040,120.248490]",
    "[256.857665,121.102604]",
    "[257.875037,122.342981]",
    "[257.636791,125.591283]",
    "[256.974969,128.672956]",
    "[258.760990,131.322577]",
    "[260.160725,135.745295]",
    "[256.249563,139.420632]",
    "[253.275558,142.478402]",
    "[251.450744,145.474976]",
    "[250.590128,148.700631]",
    "[250.817043,151.776170]",
    "[247.714229,152.710732]",
    "[244.641331,152.788003]",
    "[240.928054,155.922028]",
    "[242.410008,159.422196]",
    "[243.525743,162.508378]",
    "[243.277834,165.537080]",
    "[240.235135,167.103501]"
  ]
}