{
  "DataSummary" : {
    "Max" : 1141,
    "Median" : 911,
    "Dev" : 46.836696624755859,
    "Name" : "Ilha",
    "AreaCM2" : 0.09885053634643555,
    "LengthPIX" : 29.905559539794922,
    "Mean" : 918.8809814453125,
    "LengthCM" : 1.1214585304260254,
    "AreaPIX2" : 70.293716430664062,
    "Total" : 77186,
    "Min" : 828,
    "Type" : "Pencil"
  },
  "Name" : "Ilha",
  "ROI3DPoints" : [
    "[29.103607,-5.933453,26.428530]",
    "[29.103607,-6.612574,27.600639]",
    "[29.103607,-7.931746,28.025919]",
    "[29.103607,-9.106888,27.673258]",
    "[29.103607,-9.617575,26.662573]",
    "[29.103607,-9.613123,25.387432]",
    "[29.103607,-8.298306,24.675604]",
    "[29.103607,-7.167521,24.959028]"
  ],
  "Slice" : 239,
  "DataValues" : [
    944,
    920,
    982,
    944,
    928,
    907,
    894,
    865,
    892,
    899,
    881,
    857,
    904,
    918,
    868,
    998,
    910,
    922,
    927,
    892,
    844,
    828,
    866,
    889,
    930,
    1020,
    1141,
    897,
    851,
    873,
    869,
    888,
    920,
    922,
    948,
    978,
    972,
    927,
    911,
    865,
    879,
    888,
    890,
    878,
    888,
    909,
    946,
    986,
    936,
    922,
    902,
    871,
    897,
    922,
    962,
    957,
    961,
    956,
    871,
    938,
    916,
    881,
    902,
    901,
    866,
    911,
    946,
    939,
    908,
    954,
    900,
    921,
    933,
    966,
    1002,
    970,
    958,
    921,
    1009,
    907,
    905,
    893,
    856,
    971
  ],
  "ROIPoints" : [
    "[246.411118,133.723672]",
    "[244.600125,130.598047]",
    "[241.082343,129.463981]",
    "[237.948622,130.404398]",
    "[236.586792,133.099557]",
    "[236.598666,136.499940]",
    "[240.104839,138.398141]",
    "[243.120269,137.642351]"
  ]
}