{
  "DataSummary" : {
    "Max" : 795,
    "Median" : 698,
    "Dev" : 64.937385559082031,
    "Name" : "",
    "AreaCM2" : 0.066325449943542475,
    "LengthPIX" : 27.114995956420898,
    "Mean" : 685.0169677734375,
    "LengthCM" : 1.0168119668960571,
    "AreaPIX2" : 47.164764404296875,
    "Total" : 40416,
    "Min" : 516,
    "Type" : "Pencil"
  },
  "Name" : "Unnamed",
  "ROI3DPoints" : [
    "[29.103607,-9.487026,11.021715]",
    "[29.103607,-9.125999,12.089695]",
    "[29.103607,-10.305164,12.951149]",
    "[29.103607,-11.473177,12.701359]",
    "[29.103607,-12.479324,12.228838]",
    "[29.103607,-13.018862,11.222462]",
    "[29.103607,-11.959362,10.693247]",
    "[29.103607,-10.573557,11.001968]",
    "[29.103607,-9.778524,10.745770]"
  ],
  "Slice" : 239,
  "DataValues" : [
    587,
    628,
    669,
    698,
    695,
    685,
    643,
    605,
    651,
    668,
    651,
    726,
    733,
    746,
    693,
    678,
    647,
    641,
    722,
    718,
    746,
    738,
    744,
    728,
    751,
    664,
    581,
    668,
    679,
    728,
    738,
    736,
    744,
    771,
    723,
    726,
    640,
    559,
    677,
    710,
    715,
    784,
    740,
    795,
    786,
    708,
    699,
    584,
    516,
    674,
    721,
    736,
    698,
    586,
    518,
    684,
    688,
    721,
    528
  ],
  "ROIPoints" : [
    "[236.934917,174.808521]",
    "[237.897655,171.960565]",
    "[234.753223,169.663362]",
    "[231.638525,170.329462]",
    "[228.955460,171.589517]",
    "[227.516690,174.273195]",
    "[230.342029,175.684431]",
    "[234.037512,174.861176]",
    "[236.157600,175.544376]"
  ]
}