{
  "DataSummary" : {
    "Max" : 871,
    "Median" : 737,
    "Dev" : 36.703464508056641,
    "Name" : "",
    "AreaCM2" : 0.24907531738281249,
    "LengthPIX" : 52.220005035400391,
    "Mean" : 743.65997314453125,
    "LengthCM" : 1.9582509994506836,
    "AreaPIX2" : 177.12022399902344,
    "Total" : 148732,
    "Min" : 658,
    "Type" : "Pencil"
  },
  "Name" : "Unnamed",
  "ROI3DPoints" : [
    "[32.903606,7.639257,13.415218]",
    "[32.903606,6.914057,14.593565]",
    "[32.903606,5.671217,16.346439]",
    "[32.903606,5.173193,16.755016]",
    "[32.903606,4.696535,16.965622]",
    "[32.903606,4.265459,17.133307]",
    "[32.903606,3.815409,17.162987]",
    "[32.903606,3.360460,17.141203]",
    "[32.903606,2.859655,17.024685]",
    "[32.903606,2.353632,16.826868]",
    "[32.903606,1.812910,16.477938]",
    "[32.903606,1.553450,16.053059]",
    "[32.903606,1.526716,15.601046]",
    "[32.903606,1.821539,15.152088]",
    "[32.903606,2.338240,14.776293]",
    "[32.903606,2.780199,14.394907]",
    "[32.903606,3.085527,13.900059]",
    "[32.903606,3.257086,13.464502]",
    "[32.903606,3.450491,12.525703]",
    "[32.903606,3.627977,11.256765]",
    "[32.903606,4.396139,10.660145]",
    "[32.903606,5.366358,10.647179]",
    "[32.903606,6.406649,11.201456]"
  ],
  "Slice" : 249,
  "DataValues" : [
    788,
    761,
    768,
    724,
    755,
    787,
    790,
    779,
    799,
    742,
    841,
    841,
    777,
    755,
    738,
    734,
    747,
    742,
    782,
    796,
    810,
    761,
    717,
    752,
    776,
    747,
    733,
    740,
    725,
    733,
    771,
    764,
    799,
    787,
    794,
    766,
    739,
    715,
    710,
    686,
    712,
    730,
    754,
    771,
    793,
    774,
    725,
    767,
    732,
    736,
    730,
    701,
    681,
    714,
    738,
    741,
    762,
    799,
    802,
    753,
    758,
    732,
    705,
    725,
    718,
    694,
    721,
    737,
    754,
    774,
    838,
    711,
    777,
    779,
    743,
    734,
    672,
    658,
    721,
    728,
    722,
    746,
    774,
    737,
    744,
    737,
    700,
    706,
    708,
    717,
    745,
    720,
    723,
    763,
    786,
    771,
    777,
    736,
    690,
    693,
    685,
    691,
    719,
    711,
    729,
    762,
    794,
    774,
    739,
    744,
    721,
    715,
    718,
    715,
    717,
    699,
    721,
    749,
    766,
    775,
    736,
    733,
    707,
    727,
    697,
    704,
    720,
    724,
    725,
    736,
    752,
    788,
    736,
    729,
    710,
    707,
    720,
    733,
    718,
    722,
    698,
    724,
    742,
    759,
    871,
    742,
    732,
    702,
    689,
    707,
    736,
    773,
    742,
    732,
    762,
    742,
    746,
    724,
    699,
    721,
    708,
    726,
    728,
    723,
    694,
    721,
    734,
    778,
    802,
    708,
    740,
    711,
    739,
    731,
    759,
    760,
    779,
    809,
    770,
    690,
    694,
    711,
    728,
    762,
    794,
    777,
    870,
    849,
    720,
    717,
    760,
    747,
    744,
    800,
    784,
    685,
    718,
    774,
    773,
    844
  ],
  "ROIPoints" : [
    "[282.605024,168.425850]",
    "[280.671149,165.283581]",
    "[277.356902,160.609250]",
    "[276.028835,159.519719]",
    "[274.757755,158.958096]",
    "[273.608207,158.510945]",
    "[272.408080,158.431797]",
    "[271.194888,158.489880]",
    "[269.859409,158.800602]",
    "[268.510013,159.328106]",
    "[267.068095,160.258587]",
    "[266.376201,161.391606]",
    "[266.304916,162.596974]",
    "[267.091094,163.794194]",
    "[268.468955,164.796307]",
    "[269.647533,165.813343]",
    "[270.461719,167.132931]",
    "[270.919234,168.294423]",
    "[271.434971,170.797877]",
    "[271.908279,174.181721]",
    "[273.956700,175.772709]",
    "[276.543954,175.807284]",
    "[279.318067,174.329202]"
  ]
}