{
  "DataSummary" : {
    "Max" : 906,
    "Median" : 671,
    "Dev" : 84.384933471679688,
    "Name" : "",
    "AreaCM2" : 0.22991838455200195,
    "LengthPIX" : 54.342502593994141,
    "Mean" : 693.45697021484375,
    "LengthCM" : 2.0378432273864746,
    "AreaPIX2" : 163.49751281738281,
    "Total" : 128983,
    "Min" : 527,
    "Type" : "Pencil"
  },
  "Name" : "Unnamed",
  "ROI3DPoints" : [
    "[32.903606,13.064993,-5.266729]",
    "[32.903606,13.220495,-5.697050]",
    "[32.903606,13.274076,-6.153950]",
    "[32.903606,12.833994,-7.656261]",
    "[32.903606,12.671923,-9.133562]",
    "[32.903606,12.629282,-9.513231]",
    "[32.903606,12.367682,-11.131775]",
    "[32.903606,12.092566,-11.597721]",
    "[32.903606,11.608229,-11.973837]",
    "[32.903606,11.093782,-11.462675]",
    "[32.903606,10.788477,-11.021912]",
    "[32.903606,10.456301,-10.591648]",
    "[32.903606,9.993044,-10.250912]",
    "[32.903606,9.524534,-9.888540]",
    "[32.903606,9.302153,-9.417925]",
    "[32.903606,9.210886,-8.974472]",
    "[32.903606,9.165144,-8.422512]",
    "[32.903606,9.122011,-7.835482]",
    "[32.903606,9.049742,-7.337612]",
    "[32.903606,8.827360,-6.880432]",
    "[32.903606,8.671824,-6.353088]",
    "[32.903606,8.674295,-5.887646]",
    "[32.903606,9.124197,-5.454836]",
    "[32.903606,9.576479,-5.330135]",
    "[32.903606,10.015692,-5.300163]",
    "[32.903606,10.486696,-5.243309]",
    "[32.903606,10.939287,-5.040268]",
    "[32.903606,11.396730,-4.639576]",
    "[32.903606,11.819807,-4.385414]",
    "[32.903606,12.293753,-4.320028]",
    "[32.903606,12.724852,-4.558186]",
    "[32.903606,13.067568,-5.112669]",
    "[32.903606,13.177511,-5.553495]"
  ],
  "Slice" : 249,
  "DataValues" : [
    650,
    756,
    804,
    751,
    729,
    682,
    691,
    738,
    829,
    685,
    693,
    651,
    691,
    755,
    829,
    829,
    724,
    692,
    678,
    690,
    679,
    649,
    654,
    647,
    665,
    735,
    840,
    840,
    727,
    687,
    664,
    645,
    629,
    646,
    625,
    644,
    637,
    711,
    752,
    833,
    906,
    674,
    670,
    698,
    649,
    641,
    628,
    635,
    638,
    624,
    635,
    648,
    770,
    837,
    903,
    692,
    705,
    661,
    641,
    648,
    608,
    619,
    621,
    612,
    642,
    711,
    766,
    883,
    644,
    675,
    671,
    629,
    608,
    607,
    597,
    626,
    626,
    692,
    809,
    884,
    766,
    692,
    646,
    623,
    611,
    605,
    595,
    603,
    638,
    707,
    804,
    854,
    686,
    675,
    627,
    564,
    612,
    610,
    628,
    632,
    729,
    805,
    697,
    606,
    615,
    601,
    583,
    584,
    645,
    694,
    795,
    842,
    598,
    635,
    653,
    620,
    586,
    585,
    643,
    716,
    825,
    861,
    527,
    666,
    641,
    641,
    591,
    613,
    658,
    727,
    843,
    851,
    657,
    699,
    672,
    615,
    636,
    626,
    670,
    762,
    839,
    829,
    693,
    722,
    641,
    622,
    600,
    620,
    684,
    744,
    816,
    866,
    664,
    674,
    637,
    619,
    646,
    685,
    729,
    812,
    829,
    659,
    617,
    606,
    625,
    684,
    773,
    851,
    846,
    586,
    610,
    646,
    675,
    774,
    843,
    592,
    627,
    693,
    771,
    884,
    649,
    755,
    831,
    688,
    791,
    856
  ],
  "ROIPoints" : [
    "[297.073638,218.244364]",
    "[297.488319,219.391884]",
    "[297.631187,220.610295]",
    "[296.457640,224.616458]",
    "[296.025446,228.555923]",
    "[295.911755,229.568375]",
    "[295.214138,233.884497]",
    "[294.480491,235.127014]",
    "[293.188934,236.129992]",
    "[291.817077,234.766885]",
    "[291.002937,233.591524]",
    "[290.117133,232.444155]",
    "[288.881774,231.535521]",
    "[287.632415,230.569203]",
    "[287.039390,229.314228]",
    "[286.796012,228.131689]",
    "[286.674041,226.659792]",
    "[286.559028,225.094368]",
    "[286.366302,223.766716]",
    "[285.773292,222.547579]",
    "[285.358520,221.141333]",
    "[285.365112,219.900151]",
    "[286.564841,218.745987]",
    "[287.770950,218.413451]",
    "[288.942176,218.333531]",
    "[290.198173,218.181910]",
    "[291.405090,217.640469]",
    "[292.624946,216.571959]",
    "[293.753150,215.894188]",
    "[295.017005,215.719838]",
    "[296.166610,216.354916]",
    "[297.080497,217.833548]",
    "[297.373687,219.009079]"
  ]
}