{
  "DataSummary" : {
    "Max" : 805,
    "Median" : 728,
    "Dev" : 38.005695343017578,
    "Name" : "",
    "AreaCM2" : 0.007438226938247681,
    "LengthPIX" : 42.254570007324219,
    "Mean" : 722.774169921875,
    "LengthCM" : 1.5845463275909424,
    "AreaPIX2" : 5.2894058227539062,
    "Total" : 22406,
    "Min" : 631,
    "Type" : "Pencil"
  },
  "Name" : "Unnamed",
  "ROI3DPoints" : [
    "[32.903606,-21.074329,12.155350]",
    "[32.903606,-20.945704,11.719776]",
    "[32.903606,-20.616148,11.292459]",
    "[32.903606,-20.369848,10.854305]",
    "[32.903606,-20.018967,10.364716]",
    "[32.903606,-19.435032,9.853577]",
    "[32.903606,-18.955736,9.599375]",
    "[32.903606,-18.473825,9.353373]",
    "[32.903606,-18.018459,9.083103]",
    "[32.903606,-17.509655,8.796463]",
    "[32.903606,-17.016912,8.496382]",
    "[32.903606,-16.489414,8.174671]",
    "[32.903606,-16.017992,7.933910]",
    "[32.903606,-15.562969,7.720346]",
    "[32.903606,-15.105017,7.577255]",
    "[32.903606,-15.605953,7.855707]",
    "[32.903606,-16.149479,8.085299]",
    "[32.903606,-16.574993,8.274618]",
    "[32.903606,-17.134930,8.558620]",
    "[32.903606,-17.582102,8.818075]",
    "[32.903606,-18.179089,9.147951]",
    "[32.903606,-18.835407,9.483383]",
    "[32.903606,-19.295694,9.751026]",
    "[32.903606,-19.724138,9.875114]",
    "[32.903606,-20.176844,10.026731]",
    "[32.903606,-20.664087,10.545773]",
    "[32.903606,-20.905529,11.157322]",
    "[32.903606,-21.106310,11.719725]"
  ],
  "Slice" : 249,
  "DataValues" : [
    673,
    701,
    688,
    650,
    664,
    710,
    720,
    729,
    767,
    728,
    715,
    750,
    773,
    746,
    742,
    805,
    735,
    753,
    774,
    749,
    739,
    767,
    734,
    729,
    708,
    728,
    725,
    684,
    686,
    703,
    631
  ],
  "ROIPoints" : [
    "[206.035440,171.785496]",
    "[206.378452,172.947026]",
    "[207.257263,174.086529]",
    "[207.914068,175.254948]",
    "[208.849748,176.560513]",
    "[210.406910,177.923558]",
    "[211.685021,178.601422]",
    "[212.970118,179.257431]",
    "[214.184437,179.978150]",
    "[215.541243,180.742520]",
    "[216.855231,181.542744]",
    "[218.261889,182.400628]",
    "[219.519011,183.042664]",
    "[220.732407,183.612164]",
    "[221.953608,183.993737]",
    "[220.617787,183.251210]",
    "[219.168378,182.638955]",
    "[218.033670,182.134110]",
    "[216.540511,181.376774]",
    "[215.348054,180.684895]",
    "[213.756086,179.805222]",
    "[212.005906,178.910740]",
    "[210.778478,178.197022]",
    "[209.635960,177.866116]",
    "[208.428737,177.461811]",
    "[207.129419,176.077702]",
    "[206.485574,174.446896]",
    "[205.950157,172.947163]"
  ]
}