{
  "DataSummary" : {
    "Max" : 972,
    "Median" : 750,
    "Dev" : 69.27130126953125,
    "Name" : "",
    "AreaCM2" : 0.059224853515625002,
    "LengthPIX" : 49.347522735595703,
    "Mean" : 750.4918212890625,
    "LengthCM" : 1.850532054901123,
    "AreaPIX2" : 42.115451812744141,
    "Total" : 45780,
    "Min" : 574,
    "Type" : "Pencil"
  },
  "Name" : "Unnamed",
  "ROI3DPoints" : [
    "[32.903606,-7.238829,15.046556]",
    "[32.903606,-7.774178,15.316803]",
    "[32.903606,-8.202553,15.219311]",
    "[32.903606,-8.649593,15.083796]",
    "[32.903606,-9.158255,14.926954]",
    "[32.903606,-9.600037,14.745548]",
    "[32.903606,-10.025768,14.582836]",
    "[32.903606,-10.518373,14.455498]",
    "[32.903606,-11.034937,14.412062]",
    "[32.903606,-11.573158,14.447292]",
    "[32.903606,-12.084543,14.620190]",
    "[32.903606,-12.598629,15.031055]",
    "[32.903606,-12.995058,15.491125]",
    "[32.903606,-13.356777,16.050850]",
    "[32.903606,-13.450384,15.620775]",
    "[32.903606,-13.107376,15.142006]",
    "[32.903606,-12.799444,14.684860]",
    "[32.903606,-12.595716,14.138519]",
    "[32.903606,-12.552938,13.621630]",
    "[32.903606,-12.544596,13.150946]",
    "[32.903606,-12.539206,12.704517]",
    "[32.903606,-12.520374,12.252848]",
    "[32.903606,-12.472023,11.736284]",
    "[32.903606,-12.322060,12.212267]",
    "[32.903606,-11.714624,13.037804]",
    "[32.903606,-11.238150,13.370649]",
    "[32.903606,-10.772449,13.603525]",
    "[32.903606,-10.349350,13.781973]",
    "[32.903606,-9.929197,13.952553]",
    "[32.903606,-9.414980,14.155611]",
    "[32.903606,-8.962687,14.280312]",
    "[32.903606,-8.513020,14.410259]",
    "[32.903606,-8.057768,14.496937]",
    "[32.903606,-7.631985,14.500027]",
    "[32.903606,-7.163630,14.616213]"
  ],
  "Slice" : 249,
  "DataValues" : [
    761,
    835,
    780,
    791,
    667,
    799,
    802,
    809,
    768,
    645,
    574,
    753,
    776,
    680,
    753,
    727,
    733,
    759,
    807,
    820,
    792,
    811,
    757,
    972,
    848,
    768,
    755,
    726,
    729,
    694,
    735,
    787,
    765,
    750,
    735,
    700,
    663,
    728,
    761,
    741,
    717,
    712,
    703,
    692,
    580,
    729,
    760,
    712,
    711,
    711,
    946,
    903,
    763,
    721,
    715,
    712,
    703,
    857,
    787,
    692,
    698
  ],
  "ROIPoints" : [
    "[242.930110,164.075604]",
    "[241.502519,163.354954]",
    "[240.360191,163.614926]",
    "[239.168075,163.976307]",
    "[237.811652,164.394551]",
    "[236.633561,164.878292]",
    "[235.498283,165.312199]",
    "[234.184665,165.651760]",
    "[232.807166,165.767590]",
    "[231.371909,165.673649]",
    "[230.008210,165.212582]",
    "[228.637311,164.116940]",
    "[227.580162,162.890088]",
    "[226.615578,161.397488]",
    "[226.365965,162.544354]",
    "[227.280657,163.821072]",
    "[228.101805,165.040135]",
    "[228.645074,166.497036]",
    "[228.759151,167.875409]",
    "[228.781409,169.130566]",
    "[228.795779,170.321049]",
    "[228.845990,171.525502]",
    "[228.974925,172.902996]",
    "[229.374839,171.633717]",
    "[230.994655,169.432278]",
    "[232.265266,168.544690]",
    "[233.507121,167.923695]",
    "[234.635392,167.447834]",
    "[235.755803,166.992955]",
    "[237.127046,166.451458]",
    "[238.333158,166.118924]",
    "[239.532270,165.772404]",
    "[240.746280,165.541256]",
    "[241.881696,165.533017]",
    "[243.130643,165.223195]"
  ]
}