{
  "DataSummary" : {
    "Max" : 825,
    "Median" : 713,
    "Dev" : 26.603986740112305,
    "Name" : "Ilha",
    "AreaCM2" : 0.1199707317352295,
    "LengthPIX" : 42.191249847412109,
    "Mean" : 716.022705078125,
    "LengthCM" : 1.5821710824966431,
    "AreaPIX2" : 85.312522888183594,
    "Total" : 63010,
    "Min" : 666,
    "Type" : "Pencil"
  },
  "Name" : "Ilha",
  "ROI3DPoints" : [
    "[36.703606,-0.474421,17.467279]",
    "[36.703606,-1.118631,18.627893]",
    "[36.703606,-2.184637,19.755371]",
    "[36.703606,-3.225872,20.533855]",
    "[36.703606,-4.288307,20.974607]",
    "[36.703606,-5.405056,21.366791]",
    "[36.703606,-6.469151,21.339142]",
    "[36.703606,-6.279476,20.299898]",
    "[36.703606,-5.144131,19.304983]",
    "[36.703606,-3.991756,18.460117]",
    "[36.703606,-2.755720,17.653372]",
    "[36.703606,-1.677881,17.295795]",
    "[36.703606,-0.583872,17.185635]"
  ],
  "Slice" : 259,
  "DataValues" : [
    722,
    741,
    747,
    770,
    750,
    726,
    712,
    695,
    698,
    721,
    727,
    701,
    691,
    715,
    712,
    683,
    713,
    727,
    726,
    676,
    696,
    709,
    688,
    687,
    699,
    721,
    748,
    727,
    716,
    711,
    723,
    685,
    702,
    703,
    696,
    719,
    712,
    703,
    705,
    680,
    697,
    702,
    686,
    695,
    717,
    717,
    715,
    700,
    720,
    703,
    680,
    714,
    712,
    738,
    716,
    709,
    698,
    679,
    671,
    707,
    722,
    720,
    718,
    704,
    666,
    671,
    694,
    710,
    723,
    742,
    704,
    704,
    754,
    704,
    708,
    759,
    825,
    731,
    762,
    718,
    753,
    723,
    772,
    765,
    758,
    721,
    771,
    749
  ],
  "ROIPoints" : [
    "[260.968552,157.620350]",
    "[259.250652,154.525379]",
    "[256.407967,151.518772]",
    "[253.631329,149.442806]",
    "[250.798172,148.267475]",
    "[247.820183,147.221645]",
    "[244.982597,147.295383]",
    "[245.488396,150.066692]",
    "[248.515972,152.719807]",
    "[251.588972,154.972774]",
    "[254.885078,157.124104]",
    "[257.759323,158.077641]",
    "[260.676655,158.371403]"
  ]
}