{
  "DataSummary" : {
    "Max" : 870,
    "Median" : 709,
    "Dev" : 40.055244445800781,
    "Name" : "Ilha",
    "AreaCM2" : 0.49866462707519532,
    "LengthPIX" : 74.918258666992188,
    "Mean" : 712.0418701171875,
    "LengthCM" : 2.8094348907470703,
    "AreaPIX2" : 354.60595703125,
    "Total" : 272000,
    "Min" : 493,
    "Type" : "Pencil"
  },
  "Name" : "Ilha",
  "ROI3DPoints" : [
    "[36.703606,-15.543846,17.090849]",
    "[36.703606,-14.469332,17.546936]",
    "[36.703606,-13.429499,17.394289]",
    "[36.703606,-12.315971,17.136431]",
    "[36.703606,-11.238750,17.170254]",
    "[36.703606,-10.190804,17.884531]",
    "[36.703606,-9.095890,18.912394]",
    "[36.703606,-8.596476,19.852131]",
    "[36.703606,-8.484587,21.167131]",
    "[36.703606,-9.186859,22.258589]",
    "[36.703606,-10.279827,22.944639]",
    "[36.703606,-11.408266,23.139595]",
    "[36.703606,-12.561687,23.107632]",
    "[36.703606,-13.647383,22.742250]",
    "[36.703606,-14.764149,22.183361]",
    "[36.703606,-15.913153,21.799652]",
    "[36.703606,-17.099276,21.523918]",
    "[36.703606,-18.205639,21.109161]",
    "[36.703606,-19.271507,20.341778]",
    "[36.703606,-19.747484,19.281826]",
    "[36.703606,-18.673353,18.238102]",
    "[36.703606,-17.520012,17.299526]",
    "[36.703606,-16.469061,17.187168]"
  ],
  "Slice" : 259,
  "DataValues" : [
    860,
    870,
    840,
    823,
    823,
    839,
    807,
    775,
    784,
    794,
    805,
    767,
    753,
    742,
    751,
    731,
    720,
    727,
    718,
    728,
    722,
    750,
    758,
    813,
    744,
    708,
    701,
    703,
    747,
    745,
    732,
    728,
    743,
    734,
    757,
    716,
    768,
    723,
    715,
    717,
    781,
    723,
    699,
    717,
    729,
    716,
    718,
    722,
    709,
    703,
    709,
    699,
    697,
    723,
    748,
    701,
    730,
    723,
    707,
    718,
    738,
    762,
    755,
    742,
    693,
    721,
    727,
    701,
    739,
    699,
    704,
    701,
    722,
    685,
    717,
    730,
    710,
    702,
    710,
    718,
    717,
    680,
    713,
    695,
    764,
    753,
    785,
    758,
    722,
    712,
    741,
    749,
    724,
    709,
    700,
    702,
    692,
    711,
    685,
    724,
    704,
    709,
    703,
    730,
    682,
    720,
    661,
    702,
    697,
    739,
    693,
    797,
    604,
    493,
    794,
    774,
    744,
    739,
    729,
    725,
    712,
    689,
    699,
    728,
    713,
    715,
    700,
    722,
    688,
    713,
    695,
    698,
    698,
    705,
    678,
    685,
    667,
    682,
    687,
    695,
    690,
    763,
    746,
    581,
    775,
    727,
    732,
    745,
    732,
    708,
    723,
    704,
    702,
    689,
    706,
    703,
    690,
    709,
    691,
    660,
    669,
    663,
    667,
    648,
    662,
    679,
    664,
    693,
    663,
    680,
    705,
    744,
    777,
    742,
    760,
    762,
    735,
    715,
    693,
    706,
    698,
    724,
    704,
    683,
    711,
    721,
    663,
    622,
    652,
    643,
    624,
    646,
    655,
    644,
    639,
    671,
    667,
    659,
    691,
    716,
    716,
    683,
    721,
    738,
    768,
    735,
    725,
    716,
    727,
    714,
    740,
    689,
    681,
    707,
    710,
    700,
    686,
    634,
    671,
    686,
    670,
    695,
    645,
    655,
    649,
    635,
    652,
    667,
    655,
    661,
    685,
    719,
    768,
    769,
    749,
    764,
    706,
    710,
    693,
    688,
    704,
    693,
    733,
    714,
    680,
    703,
    692,
    702,
    705,
    668,
    678,
    724,
    699,
    696,
    679,
    660,
    655,
    678,
    652,
    664,
    673,
    721,
    771,
    777,
    735,
    722,
    680,
    724,
    737,
    710,
    704,
    720,
    720,
    694,
    704,
    692,
    703,
    690,
    690,
    706,
    694,
    699,
    711,
    690,
    671,
    664,
    656,
    678,
    699,
    705,
    709,
    691,
    639,
    733,
    735,
    724,
    708,
    735,
    716,
    684,
    690,
    721,
    679,
    711,
    714,
    682,
    692,
    711,
    693,
    689,
    691,
    669,
    687,
    698,
    706,
    681,
    710,
    711,
    702,
    705,
    721,
    698,
    714,
    692,
    717,
    721,
    683,
    681,
    726,
    738,
    755,
    782,
    773,
    729,
    703,
    654,
    684,
    653,
    704,
    697,
    736,
    698,
    686,
    735,
    705,
    749,
    725,
    699,
    737,
    720,
    705,
    729,
    786,
    773,
    803,
    805,
    759,
    712,
    707,
    687,
    685,
    705,
    717,
    693,
    725,
    760,
    753,
    753,
    736,
    680,
    709,
    682,
    695,
    707,
    720,
    746,
    767,
    754,
    703,
    692,
    727,
    784
  ],
  "ROIPoints" : [
    "[220.783396,158.624165]",
    "[223.648774,157.407925]",
    "[226.421668,157.814983]",
    "[229.391067,158.502613]",
    "[232.263661,158.412418]",
    "[235.058184,156.507679]",
    "[237.977959,153.766705]",
    "[239.309727,151.260738]",
    "[239.608093,147.754078]",
    "[237.735373,144.843525]",
    "[234.820791,143.014050]",
    "[231.811622,142.494167]",
    "[228.735818,142.579411]",
    "[225.840633,143.553753]",
    "[222.862596,145.044125]",
    "[219.798583,146.067348]",
    "[216.635585,146.802639]",
    "[213.685283,147.908665]",
    "[210.842973,149.955013]",
    "[209.573707,152.781559]",
    "[212.438048,155.564816]",
    "[215.513622,158.067684]",
    "[218.316168,158.367306]"
  ]
}