{
  "DataSummary" : {
    "Max" : 695,
    "Median" : 522,
    "Dev" : 56.008968353271484,
    "Name" : "",
    "AreaCM2" : 1.2140518951416015,
    "LengthPIX" : 160.89112854003906,
    "Mean" : 524.6480712890625,
    "LengthCM" : 6.0334196090698242,
    "AreaPIX2" : 863.3258056640625,
    "Total" : 488972,
    "Min" : 354,
    "Type" : "Pencil"
  },
  "Name" : "Unnamed",
  "ROI3DPoints" : [
    "[40.503609,-5.164450,15.578547]",
    "[40.503609,-4.236906,14.734940]",
    "[40.503609,-3.472464,13.964809]",
    "[40.503609,-2.703323,13.293625]",
    "[40.503609,-1.976000,12.902718]",
    "[40.503609,-0.674154,12.554296]",
    "[40.503609,0.180822,12.224964]",
    "[40.503609,1.084871,11.626192]",
    "[40.503609,2.013845,10.362450]",
    "[40.503609,2.764441,9.182547]",
    "[40.503609,3.355230,8.471846]",
    "[40.503609,3.680346,7.601219]",
    "[40.503609,4.008791,6.732407]",
    "[40.503609,3.517897,4.972031]",
    "[40.503609,3.083330,4.461075]",
    "[40.503609,2.590719,4.347178]",
    "[40.503609,2.162287,4.433901]",
    "[40.503609,1.640024,4.785103]",
    "[40.503609,1.150217,5.153042]",
    "[40.503609,0.646597,5.623566]",
    "[40.503609,0.252783,6.094124]",
    "[40.503609,-0.071199,6.516193]",
    "[40.503609,-0.360437,6.937948]",
    "[40.503609,-0.730322,7.433100]",
    "[40.503609,-1.158846,7.781715]",
    "[40.503609,-1.584360,7.979229]",
    "[40.503609,-2.063616,8.127882]",
    "[40.503609,-2.548433,8.230650]",
    "[40.503609,-3.022419,8.300642]",
    "[40.503609,-3.469522,8.349331]",
    "[40.503609,-3.921862,8.370823]",
    "[40.503609,-4.371586,8.416565]",
    "[40.503609,-4.829527,8.530153]",
    "[40.503609,-5.274084,8.800423]",
    "[40.503609,-5.721325,9.284737]",
    "[40.503609,-6.034824,9.730736]",
    "[40.503609,-6.246391,10.187916]",
    "[40.503609,-6.407158,10.669369]",
    "[40.503609,-6.701981,11.142914]",
    "[40.503609,-7.160007,11.524294]",
    "[40.503609,-7.625862,11.783743]",
    "[40.503609,-8.046106,11.894396]",
    "[40.503609,-8.536148,11.937506]",
    "[40.503609,-9.015358,11.940298]",
    "[40.503609,-9.435865,11.845432]",
    "[40.503609,-9.625889,11.587414]",
    "[40.503609,-10.335142,11.403954]",
    "[40.503609,-10.782125,11.087507]",
    "[40.503609,-11.239929,10.781544]",
    "[40.503609,-11.713823,10.554241]",
    "[40.503609,-12.144819,10.459375]",
    "[40.503609,-12.589354,10.681133]",
    "[40.503609,-13.012619,11.002872]",
    "[40.503609,-13.435513,11.192192]",
    "[40.503609,-13.944265,11.327072]",
    "[40.503609,-14.493324,11.435059]",
    "[40.503609,-14.977804,11.507998]",
    "[40.503609,-15.462301,11.651403]",
    "[40.503609,-15.906870,11.962322]",
    "[40.503609,-16.332722,12.175898]",
    "[40.503609,-16.879148,12.248814]",
    "[40.503609,-17.358370,12.283730]",
    "[40.503609,-17.874979,12.391727]",
    "[40.503609,-18.421154,12.699991]",
    "[40.503609,-18.970322,13.132807]",
    "[40.503609,-19.404104,13.543695]",
    "[40.503609,-19.650742,14.006437]",
    "[40.503609,-19.613205,14.493195]",
    "[40.503609,-19.252138,14.931549]",
    "[40.503609,-18.799622,15.378132]",
    "[40.503609,-18.137220,16.010653]",
    "[40.503609,-17.119314,16.365019]",
    "[40.503609,-16.031599,16.449396]",
    "[40.503609,-15.051676,16.276836]",
    "[40.503609,-13.682499,16.098783]",
    "[40.503609,-12.529461,16.018669]",
    "[40.503609,-12.101057,16.027000]",
    "[40.503609,-11.640564,16.121878]",
    "[40.503609,-11.126673,16.319368]",
    "[40.503609,-10.668875,16.641394]",
    "[40.503609,-10.248802,17.071898]",
    "[40.503609,-9.782822,17.423752]",
    "[40.503609,-9.223377,17.651083]",
    "[40.503609,-8.773687,17.710884]",
    "[40.503609,-8.254143,17.645824]",
    "[40.503609,-7.166033,17.431276]",
    "[40.503609,-5.987411,16.619604]"
  ],
  "Slice" : 269,
  "DataValues" : [
    586,
    591,
    608,
    608,
    650,
    661,
    589,
    588,
    586,
    560,
    563,
    588,
    656,
    680,
    665,
    606,
    594,
    579,
    577,
    579,
    592,
    566,
    562,
    597,
    615,
    621,
    594,
    669,
    664,
    666,
    674,
    590,
    574,
    575,
    563,
    557,
    560,
    553,
    541,
    562,
    576,
    575,
    626,
    625,
    629,
    675,
    644,
    626,
    634,
    593,
    568,
    566,
    569,
    543,
    547,
    567,
    546,
    540,
    571,
    548,
    549,
    560,
    560,
    610,
    635,
    663,
    635,
    624,
    596,
    582,
    579,
    571,
    582,
    567,
    592,
    617,
    628,
    642,
    646,
    594,
    607,
    599,
    578,
    570,
    568,
    567,
    553,
    526,
    540,
    535,
    538,
    543,
    535,
    538,
    534,
    531,
    533,
    568,
    592,
    619,
    651,
    631,
    604,
    588,
    581,
    568,
    586,
    552,
    586,
    597,
    604,
    585,
    584,
    557,
    575,
    553,
    569,
    539,
    577,
    608,
    579,
    576,
    558,
    561,
    535,
    508,
    492,
    513,
    498,
    528,
    536,
    549,
    515,
    567,
    536,
    570,
    621,
    639,
    620,
    568,
    593,
    584,
    564,
    603,
    590,
    575,
    551,
    583,
    572,
    567,
    552,
    542,
    560,
    567,
    567,
    558,
    568,
    548,
    542,
    529,
    526,
    506,
    459,
    479,
    464,
    472,
    462,
    498,
    490,
    523,
    534,
    546,
    540,
    535,
    565,
    605,
    635,
    585,
    570,
    591,
    577,
    602,
    560,
    543,
    559,
    549,
    562,
    561,
    585,
    572,
    591,
    546,
    545,
    532,
    547,
    536,
    522,
    548,
    534,
    517,
    507,
    468,
    454,
    458,
    449,
    417,
    466,
    467,
    497,
    517,
    510,
    492,
    523,
    509,
    530,
    566,
    595,
    626,
    564,
    577,
    592,
    599,
    553,
    588,
    586,
    563,
    572,
    559,
    563,
    541,
    555,
    540,
    544,
    547,
    539,
    536,
    546,
    517,
    528,
    534,
    532,
    507,
    494,
    473,
    431,
    422,
    401,
    389,
    455,
    452,
    469,
    475,
    495,
    514,
    516,
    517,
    539,
    527,
    554,
    570,
    617,
    624,
    590,
    579,
    583,
    591,
    554,
    558,
    580,
    559,
    590,
    564,
    545,
    554,
    565,
    538,
    526,
    528,
    498,
    487,
    475,
    472,
    505,
    491,
    450,
    440,
    409,
    424,
    403,
    411,
    449,
    511,
    524,
    513,
    527,
    528,
    508,
    508,
    503,
    517,
    521,
    545,
    514,
    551,
    535,
    649,
    615,
    606,
    591,
    553,
    571,
    546,
    569,
    565,
    545,
    542,
    540,
    557,
    528,
    493,
    512,
    505,
    486,
    481,
    430,
    447,
    446,
    400,
    385,
    396,
    411,
    394,
    425,
    459,
    491,
    505,
    510,
    502,
    478,
    508,
    511,
    526,
    472,
    506,
    527,
    515,
    510,
    535,
    547,
    604,
    640,
    695,
    662,
    598,
    582,
    575,
    574,
    551,
    532,
    519,
    535,
    542,
    535,
    511,
    509,
    513,
    511,
    475,
    434,
    440,
    426,
    401,
    409,
    401,
    406,
    427,
    475,
    470,
    489,
    486,
    486,
    557,
    576,
    583,
    558,
    507,
    504,
    492,
    484,
    508,
    498,
    514,
    527,
    518,
    547,
    518,
    544,
    551,
    561,
    606,
    581,
    606,
    550,
    546,
    576,
    541,
    545,
    557,
    543,
    548,
    539,
    515,
    510,
    479,
    455,
    452,
    428,
    402,
    443,
    488,
    486,
    485,
    517,
    504,
    481,
    520,
    499,
    493,
    461,
    522,
    538,
    565,
    545,
    516,
    468,
    495,
    494,
    513,
    519,
    534,
    534,
    532,
    526,
    543,
    539,
    566,
    604,
    589,
    569,
    579,
    559,
    581,
    544,
    540,
    543,
    538,
    538,
    537,
    530,
    539,
    510,
    486,
    475,
    477,
