{
  "DataSummary" : {
    "Max" : 571,
    "Median" : 446,
    "Dev" : 35.104736328125,
    "Name" : "",
    "AreaCM2" : 0.24776708602905273,
    "LengthPIX" : 60.560459136962891,
    "Mean" : 449.6124267578125,
    "LengthCM" : 2.2710177898406982,
    "AreaPIX2" : 176.18992614746094,
    "Total" : 93969,
    "Min" : 372,
    "Type" : "Pencil"
  },
  "Name" : "Unnamed",
  "ROI3DPoints" : [
    "[40.503609,-28.139008,-0.157183]",
    "[40.503609,-28.382973,-0.347635]",
    "[40.503609,-28.413774,-0.656168]",
    "[40.503609,-28.444582,-0.964701]",
    "[40.503609,-28.170238,-1.408709]",
    "[40.503609,-28.266781,-1.868612]",
    "[40.503609,-28.824509,-2.327023]",
    "[40.503609,-28.911535,-2.837400]",
    "[40.503609,-29.385344,-3.308245]",
    "[40.503609,-29.832310,-3.684675]",
    "[40.503609,-30.290119,-3.985065]",
    "[40.503609,-30.828197,-4.382833]",
    "[40.503609,-31.288622,-4.710432]",
    "[40.503609,-31.764771,-5.045904]",
    "[40.503609,-32.187790,-5.487228]",
    "[40.503609,-32.302696,-5.933365]",
    "[40.503609,-32.120632,-6.377115]",
    "[40.503609,-31.657396,-6.647385]",
    "[40.503609,-31.207346,-6.690506]",
    "[40.503609,-30.722918,-6.617579]",
    "[40.503609,-30.281107,-6.517139]",
    "[40.503609,-29.791105,-6.430445]",
    "[40.503609,-29.306654,-6.422096]",
    "[40.503609,-28.755009,-6.411098]",
    "[40.503609,-28.326622,-6.362450]",
    "[40.503609,-27.869099,-6.191858]",
    "[40.503609,-27.389980,-5.923912]",
    "[40.503609,-26.894485,-5.601543]",
    "[40.503609,-26.471764,-5.252653]",
    "[40.503609,-26.182817,-4.792686]",
    "[40.503609,-26.102663,-4.313780]",
    "[40.503609,-26.137562,-3.834913]",
    "[40.503609,-25.974163,-3.345158]",
    "[40.503609,-25.521904,-3.123108]",
    "[40.503609,-25.080076,-3.071507]",
    "[40.503609,-24.820639,-2.573854]",
    "[40.503609,-24.874231,-2.070406]",
    "[40.503609,-25.219854,-1.602783]",
    "[40.503609,-25.575960,-1.172525]",
    "[40.503609,-26.076925,-0.802303]",
    "[40.503609,-26.534924,-0.512693]",
    "[40.503609,-27.011621,-0.174910]",
    "[40.503609,-27.431889,0.006210]",
    "[40.503609,-27.895042,0.033270]"
  ],
  "Slice" : 269,
  "DataValues" : [
    545,
    506,
    571,
    564,
    503,
    488,
    491,
    507,
    515,
    517,
    470,
    474,
    490,
    464,
    464,
    481,
    466,
    456,
    478,
    472,
    494,
    487,
    477,
    481,
    464,
    437,
    468,
    482,
    469,
    489,
    485,
    497,
    426,
    417,
    423,
    443,
    472,
    489,
    452,
    478,
    492,
    444,
    452,
    410,
    442,
    431,
    435,
    411,
    441,
    372,
    438,
    469,
    475,
    432,
    403,
    449,
    426,
    414,
    461,
    423,
    457,
    475,
    447,
    427,
    435,
    425,
    429,
    409,
    424,
    457,
    435,
    424,
    443,
    429,
    395,
    464,
    447,
    471,
    430,
    398,
    418,
    442,
    435,
    404,
    428,
    401,
    406,
    419,
    491,
    458,
    468,
    461,
    399,
    414,
    386,
    405,
    428,
    463,
    401,
    399,
    476,
    453,
    472,
    441,
    430,
    428,
    417,
    438,
    394,
    422,
    425,
    417,
    406,
    497,
    460,
    467,
    438,
    438,
    415,
    431,
    450,
    428,
    416,
    424,
    432,
    420,
    396,
    407,
    488,
    450,
    505,
    449,
    416,
    434,
    412,
    422,
    440,
    429,
    421,
    413,
    412,
    433,
    399,
    388,
    490,
    471,
    508,
    438,
    420,
    441,
    468,
    453,
    436,
    421,
    458,
    448,
    429,
    401,
    424,
    408,
    533,
    511,
    499,
    481,
    478,
    452,
    446,
    436,
    449,
    473,
    459,
    449,
    415,
    448,
    406,
    439,
    548,
    528,
    520,
    492,
    477,
    466,
    482,
    450,
    457,
    466,
    415,
    439,
    422,
    451,
    390,
    490,
    494,
    489,
    452,
    453,
    435,
    444,
    412,
    405,
    427,
    433,
    443,
    455,
    463,
    484,
    475,
    492,
    464
  ],
  "ROIPoints" : [
    "[187.196302,204.618917]",
    "[186.545731,205.126793]",
    "[186.463587,205.949545]",
    "[186.381443,206.772298]",
    "[187.113025,207.956318]",
    "[186.855571,209.182724]",
    "[185.368297,210.405157]",
    "[185.136235,211.766161]",
    "[183.872735,213.021737]",
    "[182.680827,214.025557]",
    "[181.460008,214.826601]",
    "[180.025127,215.887314]",
    "[178.797340,216.760909]",
    "[177.527602,217.655495]",
    "[176.399558,218.832360]",
    "[176.093147,220.022070]",
    "[176.578639,221.205405]",
    "[177.813934,221.926114]",
    "[179.014072,222.041102]",
    "[180.305885,221.846640]",
    "[181.484046,221.578793]",
    "[182.790708,221.347615]",
    "[184.082578,221.325344]",
    "[185.553630,221.296025]",
    "[186.696000,221.166291]",
    "[187.916055,220.711380]",
    "[189.193717,219.996849]",
    "[190.515033,219.137209]",
    "[191.642284,218.206833]",
    "[192.412818,216.980261]",
    "[192.626552,215.703175]",
    "[192.533487,214.426186]",
    "[192.969224,213.120182]",
    "[194.175252,212.528046]",
    "[195.353456,212.390435]",
    "[196.045289,211.063372]",
    "[195.902381,209.720845]",
    "[194.980706,208.473843]",
    "[194.031093,207.326497]",
    "[192.695194,206.339226]",
    "[191.473865,205.566945]",
    "[190.202674,204.666188]",
    "[189.081958,204.183190]",
    "[187.846874,204.111042]"
  ]
}