{
  "DataSummary" : {
    "Max" : 780,
    "Median" : 606,
    "Dev" : 65.746864318847656,
    "Name" : "",
    "AreaCM2" : 0.87840316772460936,
    "LengthPIX" : 117.44430541992188,
    "Mean" : 611.73748779296875,
    "LengthCM" : 4.4041609764099121,
    "AreaPIX2" : 624.64227294921875,
    "Total" : 391512,
    "Min" : 375,
    "Type" : "Pencil"
  },
  "Name" : "Unnamed",
  "ROI3DPoints" : [
    "[44.303608,-9.360157,11.583637]",
    "[44.303608,-10.556025,11.615063]",
    "[44.303608,-11.705486,11.636829]",
    "[44.303608,-12.952795,11.573750]",
    "[44.303608,-14.185667,11.447968]",
    "[44.303608,-14.922300,10.221893]",
    "[44.303608,-13.782194,9.215408]",
    "[44.303608,-13.043472,8.965727]",
    "[44.303608,-12.437485,8.697735]",
    "[44.303608,-11.831497,8.429743]",
    "[44.303608,-11.292166,8.367189]",
    "[44.303608,-10.752829,8.304642]",
    "[44.303608,-10.117905,8.201571]",
    "[44.303608,-9.347008,7.978542]",
    "[44.303608,-8.970331,7.870831]",
    "[44.303608,-7.811754,7.532154]",
    "[44.303608,-6.764099,7.227203]",
    "[44.303608,-5.301493,6.750711]",
    "[44.303608,-4.936907,6.601028]",
    "[44.303608,-3.909611,6.292713]",
    "[44.303608,-2.990501,6.132977]",
    "[44.303608,-2.575304,6.053131]",
    "[44.303608,-1.373457,5.896204]",
    "[44.303608,-0.206331,6.000265]",
    "[44.303608,0.862947,7.218437]",
    "[44.303608,1.104246,8.501137]",
    "[44.303608,0.795702,9.699619]",
    "[44.303608,-0.165968,10.880735]",
    "[44.303608,-1.337969,11.704264]",
    "[44.303608,-2.660797,12.609589]",
    "[44.303608,-4.192663,13.090675]",
    "[44.303608,-5.648827,13.892677]",
    "[44.303608,-6.308578,14.897617]",
    "[44.303608,-7.515427,15.415989]",
    "[44.303608,-8.694426,15.613222]",
    "[44.303608,-9.817223,15.470663]",
    "[44.303608,-10.952665,14.347088]",
    "[44.303608,-10.791950,13.203955]"
  ],
  "Slice" : 279,
  "DataValues" : [
    663,
    676,
    684,
    657,
    666,
    690,
    678,
    691,
    664,
    696,
    629,
    615,
    644,
    639,
    641,
    676,
    679,
    689,
    665,
    674,
    707,
    649,
    647,
    675,
    654,
    651,
    653,
    632,
    652,
    672,
    682,
    697,
    710,
    687,
    692,
    674,
    654,
    650,
    629,
    635,
    632,
    649,
    656,
    651,
    665,
    678,
    684,
    686,
    697,
    668,
    630,
    613,
    619,
    623,
    629,
    620,
    635,
    621,
    654,
    656,
    673,
    673,
    704,
    695,
    613,
    639,
    600,
    602,
    617,
    605,
    627,
    596,
    598,
    651,
    642,
    675,
    681,
    689,
    689,
    731,
    638,
    620,
    609,
    600,
    579,
    556,
    585,
    606,
    600,
    621,
    648,
    634,
    680,
    696,
    707,
    694,
    630,
    616,
    596,
    578,
    548,
    557,
    605,
    594,
    596,
    604,
    613,
    657,
    671,
    676,
    686,
    679,
    693,
    691,
    602,
    586,
    574,
    556,
    588,
    574,
    584,
    570,
    584,
    604,
    622,
    663,
    657,
    674,
    675,
    678,
    687,
    697,
    690,
    717,
    617,
    621,
    627,
    583,
    544,
    538,
    547,
    581,
    580,
    606,
    646,
    617,
    648,
    633,
    649,
    662,
    664,
    658,
    685,
    712,
    717,
    604,
    615,
    606,
    635,
    635,
    624,
    626,
    627,
    631,
    638,
    633,
    624,
    620,
    616,
    608,
    586,
    552,
    542,
    498,
    533,
    553,
    539,
    587,
    627,
    621,
    623,
    613,
    647,
    666,
    655,
    654,
    680,
    687,
    708,
    564,
    574,
    556,
    575,
    591,
    594,
    607,
    618,
    591,
    592,
    620,
    632,
    664,
    634,
    644,
    613,
    613,
    615,
    557,
    518,
    514,
    552,
    513,
    543,
    549,
    565,
    586,
    574,
    597,
    621,
    622,
    638,
    655,
    672,
    674,
    721,
    725,
    711,
    552,
    592,
    587,
    601,
    578,
    593,
    616,
    585,
    597,
    610,
    602,
    577,
    588,
    598,
    585,
    611,
    609,
    580,
    569,
    533,
    479,
    490,
    510,
    495,
    537,
    540,
    561,
    600,
    609,
    612,
    640,
    645,
    653,
    662,
    675,
    682,
    721,
    747,
    762,
    533,
    591,
    553,
    596,
    564,
    577,
    578,
    569,
    580,
    577,
    566,
    606,
    606,
    610,
    627,
    594,
    588,
    588,
    545,
    528,
    500,
    500,
    503,
    477,
    493,
    500,
    550,
    578,
    594,
    596,
    599,
    603,
    620,
    645,
    648,
    686,
    684,
    706,
    723,
    753,
    763,
    604,
    565,
    587,
    570,
    540,
    567,
    529,
    550,
    511,
    541,
    560,
    581,
    569,
    583,
    569,
    582,
    563,
    544,
    541,
    529,
    519,
    508,
    482,
    514,
    532,
    510,
    559,
    533,
    583,
    598,
    582,
    620,
    610,
    633,
    681,
    686,
    692,
    710,
    736,
    750,
    749,
    586,
    606,
    551,
    529,
    539,
    514,
    528,
    524,
    523,
    530,
    525,
    547,
    551,
    567,
    563,
    580,
    579,
    528,
    558,
    531,
    556,
    564,
    536,
    514,
    521,
    540,
    531,
    569,
    585,
    606,
    607,
    604,
    618,
    619,
    645,
    677,
    685,
    711,
    727,
    720,
    756,
    765,
    554,
    556,
    521,
    515,
    508,
    527,
    501,
    523,
    493,
    515,
    509,
    557,
    567,
    549,
    550,
    558,
    519,
    551,
    558,
    550,
    553,
    562,
    556,
    572,
    539,
    555,
    560,
    563,
    592,
    599,
    595,
    621,
    642,
    657,
    673,
    688,
    729,
    742,
    771,
    755,
    528,
    525,
    503,
    504,
    511,
    543,
    554,
    552,
    562,
    580,
    594,
    545,
    536,
    535,
    557,
    577,
    595,
    590,
    579,
    590,
    586,
    586,
    615,
    601,
    602,
    597,
    604,
    602,
    633,
    628,
    648,
    671,
    683,
    712,
    731,
    753,
    761,
    780,
    519,
    522,
    493,
    523,
    532,
    538,
    552,
    522,
    468,
    438,
    375,
    419,
    545,
    511,
    538,
    575,
    535,
    618,
    598,
    570,
    591,
    583,
    597,
    597,
    563,
    605,
    648,
    639,
    645,
    679,
    676,
    734,
    722,
    769,
    766,
    746,
    625,
    581,
    515,
    515,
    524,
    459,
    527,
    622,
    630,
    588,
    578,
    564,
    610,
    612,
    604,
    590,
    590,
    598,
    585,
    588,
    623,
    621,
    635,
    658,
    699,
    702,
    731,
    737,
    755,
    737,
    558,
    564,
    561,
    566,
    491,
    534,
    567,
    578,
    602,
    594,
    593,
    580,
    570,
    573,
    581,
    606,
    599,
    608,
    606,
    641,
    655,
    688,
    713,
    750,
    747,
    744,
    740,
    445,
    452,
    554,
    587,
    601,
    583,
    604,
    619,
    624,
    623,
    598,
    605,
    581,
    615,
    636,
    643,
    654,
    662,
    699,
    690,
    759,
    736,
    739,
    538,
    557,
    558,
    575,
    599,
    577,
    596,
    610,
    604,
    623,
    623,
    631,
    613,
    620,
    656,
    657,
    717,
    718,
    721,
    732,
    572,
    611,
    663,
    656,
    623,
    632,
    603,
    591,
    597,
    625,
    633,
    635,
    630,
    682,
    733,
    708,
    504,
    585,
    583,
    637,
    647,
    602,
    614,
    605,
    624,
    628,
    698,
    722,
    725,
    609,
    599,
    641,
    681,
    680,
    633,
    598
  ],