{
  "DataSummary" : {
    "Max" : 1176,
    "Median" : 614,
    "Dev" : 242.61553955078125,
    "Name" : "",
    "AreaCM2" : 0.37217727661132816,
    "LengthPIX" : 82.399589538574219,
    "Mean" : 651.349853515625,
    "LengthCM" : 3.0899858474731445,
    "AreaPIX2" : 264.65939331054688,
    "Total" : 197359,
    "Min" : 233,
    "Type" : "Pencil"
  },
  "Name" : "Unnamed",
  "ROI3DPoints" : [
    "[-46.896393,-4.327349,-0.678587]",
    "[-46.896393,-3.884348,0.695677]",
    "[-46.896393,-3.956892,2.285187]",
    "[-46.896393,-4.789787,2.770176]",
    "[-46.896393,-5.929327,3.858973]",
    "[-46.896393,-6.581326,5.135647]",
    "[-46.896393,-6.926342,6.310188]",
    "[-46.896393,-7.401907,7.305321]",
    "[-46.896393,-8.372892,7.062140]",
    "[-46.896393,-8.283096,5.953568]",
    "[-46.896393,-8.147346,4.906319]",
    "[-46.896393,-8.270222,3.820034]",
    "[-46.896393,-8.452915,2.838669]",
    "[-46.896393,-8.693190,1.851347]",
    "[-46.896393,-9.135069,0.822128]",
    "[-46.896393,-9.641459,-0.129929]",
    "[-46.896393,-10.311310,-1.092703]",
    "[-46.896393,-12.134439,-1.485802]",
    "[-46.896393,-10.783991,-2.662197]",
    "[-46.896393,-10.374401,-3.669163]",
    "[-46.896393,-9.301512,-3.197666]",
    "[-46.896393,-8.295462,-2.545513]",
    "[-46.896393,-7.842991,-2.288828]",
    "[-46.896393,-7.593464,-2.181969]",
    "[-46.896393,-7.343937,-2.075109]",
    "[-46.896393,-7.015938,-1.955284]",
    "[-46.896393,-6.687933,-1.835464]",
    "[-46.896393,-6.050051,-1.792950]",
    "[-46.896393,-4.923082,-1.094105]",
    "[-46.896393,-4.384398,-0.769476]"
  ],
  "Slice" : 39,
  "DataValues" : [
    1080,
    1058,
    1099,
    1156,
    982,
    982,
    1041,
    1110,
    973,
    962,
    1027,
    1100,
    1160,
    908,
    906,
    1008,
    1075,
    1176,
    907,
    895,
    955,
    1049,
    1145,
    894,
    884,
    962,
    1019,
    1118,
    865,
    910,
    962,
    1062,
    1172,
    811,
    808,
    843,
    893,
    981,
    1074,
    799,
    771,
    793,
    874,
    925,
    1006,
    1103,
    765,
    759,
    768,
    808,
    869,
    952,
    1077,
    744,
    733,
    683,
    737,
    818,
    937,
    1047,
    1143,
    710,
    708,
    727,
    724,
    798,
    962,
    1022,
    1066,
    1088,
    672,
    660,
    668,
    703,
    804,
    964,
    996,
    957,
    1010,
    1080,
    689,
    641,
    648,
    669,
    659,
    727,
    790,
    895,
    894,
    881,
    1002,
    1065,
    1108,
    630,
    639,
    621,
    607,
    613,
    620,
    672,
    784,
    806,
    797,
    926,
    986,
    1052,
    1060,
    636,
    612,
    634,
    619,
    578,
    572,
    609,
    719,
    735,
    749,
    887,
    921,
    960,
    1029,
    599,
    593,
    632,
    631,
    579,
    559,
    536,
    575,
    661,
    729,
    730,
    797,
    858,
    915,
    974,
    566,
    611,
    598,
    603,
    583,
    535,
    520,
    547,
    620,
    671,
    693,
    766,
    808,
    905,
    925,
    523,
    537,
    551,
    562,
    549,
    531,
    510,
    524,
    517,
    563,
    617,
    678,
    705,
    754,
    851,
    883,
    546,
    506,
    513,
    517,
    530,
    498,
    461,
    484,
    487,
    562,
    635,
    678,
    738,
    747,
    820,
    851,
    501,
    486,
    463,
    496,
    512,
    480,
    459,
    456,
    488,
    482,
    536,
    565,
    618,
    669,
    723,
    769,
    434,
    445,
    421,
    441,
    457,
    458,
    462,
    467,
    447,
    443,
    476,
    483,
    507,
    554,
    673,
    691,
    738,
    477,
    407,
    443,
    402,
    392,
    416,
    438,
    438,
    418,
    438,
    431,
    430,
    460,
    448,
    500,
    510,
    562,
    614,
    631,
    567,
    391,
    330,
    333,
    421,
    422,
    370,
    392,
    395,
    419,
    413,
    427,
    417,
    436,
    423,
    417,
    450,
    581,
    509,
    349,
    317,
    269,
    408,
    400,
    383,
    356,
    384,
    411,
    414,
    417,
    410,
    425,
    400,
    421,
    380,
    294,
    233,
    392,
    388,
    335,
    345,
    354,
    427,
    443,
    410,
    426,
    311,
    243,
    374,
    326,
    323,
    352,
    361,
    389,
    286,
    288,
    380,
    298,
    356,
    367,
    311,
    269,
    312,
    296,
    319,
    290,
    249,
    270
  ],
  "ROIPoints" : [
    "[250.694065,206.009328]",
    "[251.875400,202.344624]",
    "[251.681944,198.105928]",
    "[249.460891,196.812617]",
    "[246.422126,193.909157]",
    "[244.683454,190.504706]",
    "[243.763410,187.372594]",
    "[242.495239,184.718909]",
    "[239.905943,185.367388]",
    "[240.145404,188.323580]",
    "[240.507404,191.116248]",
    "[240.179730,194.012993]",
    "[239.692557,196.629967]",
    "[239.051815,199.262833]",
    "[237.873482,202.007414]",
    "[236.523099,204.546237]",
    "[234.736837,207.113631]",
    "[229.875146,208.161898]",
    "[233.476354,211.298950]",
    "[234.568595,213.984194]",
    "[237.429629,212.726869]",
    "[240.112426,210.987793]",
    "[241.319019,210.303292]",
    "[241.984419,210.018339]",
    "[242.649820,209.733385]",
    "[243.524494,209.413856]",
    "[244.399169,209.094328]",
    "[246.100188,208.980958]",
    "[249.105443,207.117369]",
    "[250.541937,206.251698]"
  ]
}