{
  "DataSummary" : {
    "Max" : 831,
    "Median" : 374,
    "Dev" : 276.5625,
    "Name" : "",
    "AreaCM2" : 1.198051986694336,
    "LengthPIX" : 184.10494995117188,
    "Mean" : 388.90957641601562,
    "LengthCM" : 6.9039363861083984,
    "AreaPIX2" : 851.94805908203125,
    "Total" : 361297,
    "Min" : 4,
    "Type" : "Pencil"
  },
  "Name" : "Unnamed",
  "ROI3DPoints" : [
    "[-46.896393,-26.059301,0.743273]",
    "[-46.896393,-25.131615,1.732574]",
    "[-46.896393,-24.481750,2.712114]",
    "[-46.896393,-25.314102,1.613436]",
    "[-46.896393,-25.995031,0.568682]",
    "[-46.896393,-26.575785,-0.415218]",
    "[-46.896393,-26.403322,-1.407209]",
    "[-46.896393,-25.428440,-1.867800]",
    "[-46.896393,-24.395187,-2.362711]",
    "[-46.896393,-23.351824,-2.644917]",
    "[-46.896393,-22.334318,-2.763821]",
    "[-46.896393,-23.467180,-2.893419]",
    "[-46.896393,-24.568497,-3.195549]",
    "[-46.896393,-25.562862,-3.662777]",
    "[-46.896393,-25.796682,-4.647186]",
    "[-46.896393,-25.702343,-5.631287]",
    "[-46.896393,-25.041962,-6.635643]",
    "[-46.896393,-24.574539,-7.679482]",
    "[-46.896393,-23.677608,-8.708002]",
    "[-46.896393,-22.701908,-9.634830]",
    "[-46.896393,-21.742630,-10.582029]",
    "[-46.896393,-20.740345,-10.895231]",
    "[-46.896393,-20.061899,-9.889811]",
    "[-46.896393,-20.187235,-8.870537]",
    "[-46.896393,-20.573507,-7.868361]",
    "[-46.896393,-20.901598,-6.763193]",
    "[-46.896393,-20.874264,-6.332306]",
    "[-46.896393,-20.846930,-5.901424]",
    "[-46.896393,-19.715853,-5.474972]",
    "[-46.896393,-18.638208,-5.587112]",
    "[-46.896393,-17.609379,-4.931938]",
    "[-46.896393,-17.157057,-4.544041]",
    "[-46.896393,-17.155626,-3.608898]",
    "[-46.896393,-17.372749,-2.550343]",
    "[-46.896393,-17.682484,-1.332857]",
    "[-46.896393,-17.883253,0.195187]",
    "[-46.896393,-18.003101,0.889545]",
    "[-46.896393,-18.987385,1.487671]",
    "[-46.896393,-19.890215,1.119658]",
    "[-46.896393,-20.539112,0.280405]",
    "[-46.896393,-19.868952,1.512047]",
    "[-46.896393,-19.578358,2.842823]",
    "[-46.896393,-19.482891,3.918018]",
    "[-46.896393,-19.458138,4.982759]",
    "[-46.896393,-19.431089,6.131781]",
    "[-46.896393,-20.105896,7.054924]",
    "[-46.896393,-20.788542,7.770746]",
    "[-46.896393,-21.803410,8.124237]",
    "[-46.896393,-22.833115,8.143509]",
    "[-46.896393,-23.798481,8.375017]",
    "[-46.896393,-24.808176,8.664324]",
    "[-46.896393,-25.718033,7.670942]",
    "[-46.896393,-26.244553,6.686567]",
    "[-46.896393,-26.566910,5.738018]",
    "[-46.896393,-27.035591,4.716770]",
    "[-46.896393,-27.412062,3.671238]",
    "[-46.896393,-27.246620,2.661606]",
    "[-46.896393,-26.299667,2.284723]",
    "[-46.896393,-25.342266,2.312836]",
    "[-46.896393,-24.073025,3.223230]"
  ],
  "Slice" : 39,
  "DataValues" : [
    736,
    644,
    809,
    679,
    630,
    726,
    727,
    746,
    742,
    719,
    720,
    711,
    686,
    680,
    658,
    677,
    685,
    700,
    683,
    683,
    707,
    711,
    643,
    724,
    702,
    714,
    688,
    685,
    661,
    696,
    643,
    674,
    663,
    688,
    716,
    677,
    695,
    708,
    701,
    731,
    706,
    696,
    664,
    659,
    667,
    665,
    667,
    690,
    679,
    712,
    723,
    717,
    737,
    689,
    704,
    716,
    700,
    726,
    700,
    685,
    643,
    639,
    662,
    666,
    637,
    681,
    682,
    672,
    667,
    752,
    703,
    700,
    715,
    713,
    723,
    685,
    706,
    662,
    637,
    671,
    664,
    676,
    672,
    661,
    697,
    681,
    687,
    701,
    784,
    815,
    723,
    716,
    720,
    727,
    719,
    698,
    669,
    630,
    672,
    670,
    668,
    707,
    699,
    684,
    684,
    709,
    723,
    729,
    721,
    728,
    719,
    762,
    741,
    724,
    713,
    692,
    697,
    682,
    664,
    680,
    662,
    693,
    719,
    700,
    719,
    707,
    720,
    788,
    831,
    810,
    749,
    768,
    719,
    752,
    698,
    708,
    715,
    704,
    675,
    702,
    702,
    706,
    673,
    706,
    720,
    717,
    723,
    728,
    745,
    759,
    766,
    784,
    792,
    793,
    743,
    711,
    713,
    716,
    731,
    730,
    718,
    725,
    725,
    725,
    726,
    716,
    724,
    728,
    744,
    787,
    818,
    788,
    759,
    739,
    743,
    715,
    679,
    710,
    700,
    708,
    724,
    736,
    737,
    722,
    706,
    703,
    707,
    710,
    695,
    714,
    738,
    743,
    771,
    743,
    781,
    780,
    764,
    742,
    703,
    673,
    712,
    755,
    765,
    742,
    703,
    723,
    697,
    710,
    684,
    685,
    711,
    746,
    764,
    795,
    741,
    747,
    811,
    812,
    767,
    749,
    679,
    728,
    724,
    711,
    740,
    717,
    706,
    689,
    671,
    689,
    706,
    707,
    698,
    746,
    736,
    686,
    740,
    730,
    767,
    769,
    740,
    711,
    698,
    721,
    764,
    728,
    749,
    703,
    669,
    663,
    660,
    684,
    691,
    685,
    699,
    744,
    804,
    741,
    712,
    724,
    689,
    603,
    675,
    697,
    716,
    705,
    752,
    752,
    727,
    671,
    643,
    650,
    625,
    634,
    651,
    672,
    696,
    700,
    741,
    761,
    718,
    771,
    760,
    751,
    719,
    670,
    669,
    673,
    708,
    708,
    708,
    668,
    627,
    632,
    643,
    621,
    602,
    631,
    662,
    662,
    702,
    732,
    701,
    710,
    656,
    647,
    655,
    664,
    632,
    646,
    675,
    675,
    637,
    590,
    561,
    590,
    586,
    614,
    566,
    636,
    636,
    641,
    688,
    727,
    698,
    626,
    597,
    590,
    592,
    498,
    570,
    567,
    518,
    560,
    568,
    545,
    580,
    574,
    673,
    664,
    666,
    759,
    580,
    540,
    545,
    556,
    505,
    506,
    504,
    528,
    498,
    514,
    489,
    542,
    602,
    609,
    567,
    671,
    700,
    683,
    649,
    548,
    480,
    480,
    445,
    541,
    490,
    427,
    477,
    483,
    459,
    455,
    464,
    470,
    515,
    552,
    520,
    549,
    601,
    601,
    636,
    610,
    644,
    648,
    439,
    439,
    428,
    449,
    502,
    449,
    422,
    414,
    424,
    449,
    459,
    436,
    442,
    452,
    493,
    475,
    508,
    526,
    545,
    556,
    607,
    590,
    566,
    455,
    448,
    385,
    454,
    406,
    374,
    375,
    410,
    398,
    407,
    394,
    414,
    376,
    427,
    460,
    435,
    478,
    478,
    485,
    494,
    510,
    533,
    529,
    543,
    427,
    349,
    364,
    362,
    386,
    363,
    364,
    343,
    346,
    359,
    341,
    360,
    374,
    366,
    377,
    425,
    399,
    398,
    443,
    478,
    503,
    514,
    534,
    537,
    371,
    372,
    414,
    377,
    353,
    331,
    345,
    306,
    314,
    329,
    336,
    318,
    330,
    337,
    345,
    363,
    375,
    358,
    379,
    408,
    394,
    444,
    429,
    469,
    468,
    326,
    341,
    371,
    324,
    303,
    284,
    291,
    284,
    275,
    300,
    283,
    247,
    287,
    298,
    312,
    313,
    337,
    375,
    393,
    374,
    378,
    412,
    429,
    417,
    449,
    288,
    269,
    272,
    310,
    295,
    293,
    295,
    274,
    235,
    252,
    250,
    245,
    270,
    279,
    284,
    314,
    333,
    372,
    314,
    315,
    315,
    333,
    362,
    418,
    408,
    269,
    276,
    276,
    224,
    227,
    255,
    258,
    262,
    230,
    253,
    200,
    141,
    220,
    275,
    294,
    289,
    286,
    284,
    288,
    308,
    310,
    337,
    396,
    387,
    235,
    229,
    179,
    179,
    189,
    199,
    188,
    206,
    149,
    227,
    235,
    231,
    225,
    233,
    246,
    285,
    288,
