{
  "DataSummary" : {
    "Max" : 170,
    "Median" : 39,
    "Dev" : 38.905597686767578,
    "Name" : "",
    "AreaCM2" : 0.21385700225830079,
    "LengthPIX" : 47.210479736328125,
    "Mean" : 51.233333587646484,
    "LengthCM" : 1.7703925371170044,
    "AreaPIX2" : 152.07609558105469,
    "Total" : 9222,
    "Min" : 0,
    "Type" : "Pencil"
  },
  "Name" : "Unnamed",
  "ROI3DPoints" : [
    "[-46.896393,-20.305613,-9.061636]",
    "[-46.896393,-20.250927,-10.100817]",
    "[-46.896393,-18.637499,-11.381714]",
    "[-46.896393,-18.248938,-11.265499]",
    "[-46.896393,-17.860371,-11.149279]",
    "[-46.896393,-17.349552,-10.771812]",
    "[-46.896393,-16.838728,-10.394346]",
    "[-46.896393,-16.743444,-9.571487]",
    "[-46.896393,-16.641758,-9.158293]",
    "[-46.896393,-16.540066,-8.745098]",
    "[-46.896393,-16.501780,-8.365646]",
    "[-46.896393,-16.463499,-7.986189]",
    "[-46.896393,-15.965916,-6.710859]",
    "[-46.896393,-16.101122,-5.929520]",
    "[-46.896393,-16.771494,-5.521000]",
    "[-46.896393,-17.478006,-5.585367]",
    "[-46.896393,-18.184519,-5.649734]",
    "[-46.896393,-19.252184,-5.593664]",
    "[-46.896393,-19.926710,-5.731079]",
    "[-46.896393,-20.672253,-6.241852]",
    "[-46.896393,-20.547541,-7.155205]",
    "[-46.896393,-20.408529,-8.097225]"
  ],
  "Slice" : 39,
  "DataValues" : [
    76,
    64,
    101,
    88,
    92,
    105,
    124,
    163,
    141,
    170,
    162,
    37,
    35,
    40,
    49,
    52,
    67,
    70,
    76,
    86,
    104,
    149,
    153,
    126,
    58,
    36,
    17,
    51,
    84,
    50,
    111,
    126,
    85,
    81,
    92,
    143,
    124,
    150,
    54,
    23,
    62,
    63,
    75,
    57,
    78,
    104,
    87,
    102,
    95,
    103,
    114,
    90,
    9,
    14,
    18,
    62,
    68,
    70,
    66,
    87,
    116,
    98,
    65,
    116,
    85,
    98,
    31,
    36,
    14,
    32,
    34,
    78,
    67,
    82,
    83,
    81,
    100,
    103,
    17,
    19,
    25,
    31,
    51,
    48,
    81,
    69,
    60,
    77,
    93,
    52,
    25,
    42,
    40,
    50,
    44,
    51,
    28,
    54,
    58,
    56,
    72,
    26,
    28,
    34,
    25,
    43,
    5,
    18,
    26,
    26,
    42,
    34,
    16,
    39,
    36,
    16,
    33,
    26,
    26,
    13,
    34,
    26,
    39,
    26,
    17,
    35,
    29,
    32,
    12,
    10,
    30,
    8,
    25,
    50,
    4,
    13,
    13,
    20,
    25,
    18,
    8,
    9,
    10,
    16,
    23,
    40,
    12,
    21,
    2,
    34,
    13,
    12,
    12,
    16,
    9,
    34,
    17,
    0,
    23,
    17,
    24,
    2,
    17,
    2,
    9,
    48,
    48,
    31,
    13,
    4,
    9,
    18,
    24,
    27,
    12,
    5,
    23,
    13,
    34,
    52
  ],
  "ROIPoints" : [
    "[208.085359,228.364126]",
    "[208.231192,231.135264]",
    "[212.533662,234.550999]",
    "[213.569831,234.241083]",
    "[214.606001,233.931167]",
    "[215.968190,232.924589]",
    "[217.330379,231.918011]",
    "[217.584467,229.723729]",
    "[217.855642,228.621873]",
    "[218.126816,227.520017]",
    "[218.228905,226.508142]",
    "[218.330993,225.496266]",
    "[219.657888,222.095389]",
    "[219.297329,220.011805]",
    "[217.509672,218.922430]",
    "[215.625642,219.094075]",
    "[213.741612,219.265721]",
    "[210.894505,219.116190]",
    "[209.095766,219.482643]",
    "[207.107658,220.844694]",
    "[207.440212,223.280303]",
    "[207.810907,225.792352]"
  ]
}