{
  "DataSummary" : {
    "Max" : 1182,
    "Median" : 986,
    "Dev" : 120.43177032470703,
    "Name" : "",
    "AreaCM2" : 0.26661497116088867,
    "LengthPIX" : 50.776996612548828,
    "Mean" : 965.56524658203125,
    "LengthCM" : 1.9041379690170288,
    "AreaPIX2" : 189.59286499023438,
    "Total" : 199872,
    "Min" : 426,
    "Type" : "Pencil"
  },
  "Name" : "Unnamed",
  "ROI3DPoints" : [
    "[-46.896393,-18.823694,13.972374]",
    "[-46.896393,-17.788696,15.692272]",
    "[-46.896393,-17.326721,16.861263]",
    "[-46.896393,-17.884415,17.961424]",
    "[-46.896393,-20.104162,19.009251]",
    "[-46.896393,-20.665586,19.066906]",
    "[-46.896393,-21.829273,19.299124]",
    "[-46.896393,-23.288555,18.147842]",
    "[-46.896393,-23.892929,16.821135]",
    "[-46.896393,-23.183779,16.128784]",
    "[-46.896393,-22.816601,15.424109]",
    "[-46.896393,-22.449423,14.719439]",
    "[-46.896393,-21.524031,14.136797]",
    "[-46.896393,-20.819195,13.404999]",
    "[-46.896393,-19.716402,13.656294]"
  ],
  "Slice" : 39,
  "DataValues" : [
    1024,
    1009,
    983,
    998,
    1004,
    1035,
    1072,
    1058,
    1054,
    1053,
    1060,
    1025,
    1008,
    1019,
    1065,
    1059,
    1030,
    1048,
    1065,
    1080,
    1049,
    1049,
    1033,
    1024,
    1022,
    1001,
    1020,
    1049,
    1081,
    1046,
    1044,
    1035,
    1034,
    1039,
    1075,
    1053,
    1050,
    1051,
    1031,
    1025,
    1062,
    1069,
    1111,
    1144,
    974,
    991,
    1030,
    1027,
    1012,
    969,
    979,
    985,
    1032,
    1040,
    1042,
    1027,
    1025,
    1064,
    1088,
    1124,
    1147,
    961,
    956,
    910,
    922,
    977,
    921,
    914,
    919,
    964,
    966,
    1004,
    1012,
    995,
    1016,
    1058,
    1090,
    1137,
    1147,
    1171,
    911,
    972,
    958,
    878,
    866,
    847,
    844,
    866,
    924,
    918,
    899,
    970,
    986,
    1089,
    1095,
    1160,
    1182,
    1156,
    834,
    863,
    876,
    825,
    795,
    797,
    872,
    849,
    987,
    1001,
    979,
    1048,
    1077,
    1121,
    1165,
    1164,
    1154,
    931,
    887,
    874,
    862,
    855,
    812,
    885,
    676,
    761,
    931,
    1006,
    1058,
    1097,
    1134,
    1120,
    1156,
    690,
    858,
    871,
    851,
    857,
    825,
    847,
    804,
    874,
    1003,
    1014,
    1044,
    1080,
    1121,
    1108,
    761,
    881,
    870,
    827,
    846,
    900,
    924,
    990,
    969,
    1004,
    1030,
    1069,
    1076,
    1095,
    658,
    835,
    856,
    885,
    884,
    868,
    889,
    889,
    986,
    1014,
    1003,
    997,
    1033,
    724,
    899,
    874,
    917,
    928,
    919,
    951,
    949,
    955,
    949,
    989,
    993,
    945,
    917,
    924,
    937,
    915,
    943,
    911,
    886,
    896,
    944,
    968,
    936,
    968,
    888,
    946,
    892,
    636,
    459,
    696,
    839,
    426,
    552
  ],
  "ROIPoints" : [
    "[212.037137,166.940094]",
    "[214.797130,162.353698]",
    "[216.029061,159.236390]",
    "[214.541882,156.302626]",
    "[208.622557,153.508428]",
    "[207.125420,153.354671]",
    "[204.022260,152.735430]",
    "[200.130838,155.805514]",
    "[198.519175,159.343400]",
    "[200.410246,161.189671]",
    "[201.389388,163.068798]",
    "[202.368530,164.947925]",
    "[204.836249,166.501632]",
    "[206.715807,168.453099]",
    "[209.656591,167.782977]"
  ]
}