{
  "DataSummary" : {
    "Max" : 795,
    "Median" : 673,
    "Dev" : 55.269573211669922,
    "Name" : "",
    "AreaCM2" : 0.28436031341552737,
    "LengthPIX" : 58.590175628662109,
    "Mean" : 671.865478515625,
    "LengthCM" : 2.1971313953399658,
    "AreaPIX2" : 202.21177673339844,
    "Total" : 149826,
    "Min" : 386,
    "Type" : "Pencil"
  },
  "Name" : "Unnamed",
  "ROI3DPoints" : [
    "[-46.896393,-26.322882,6.556791]",
    "[-46.896393,-26.332386,7.504894]",
    "[-46.896393,-25.975840,8.521416]",
    "[-46.896393,-25.920450,9.538509]",
    "[-46.896393,-26.402361,10.598398]",
    "[-46.896393,-26.648787,11.564789]",
    "[-46.896393,-26.908339,12.656401]",
    "[-46.896393,-27.603613,13.225195]",
    "[-46.896393,-28.687637,14.085041]",
    "[-46.896393,-29.642223,13.721605]",
    "[-46.896393,-30.128065,12.756067]",
    "[-46.896393,-30.066027,11.640388]",
    "[-46.896393,-29.861824,10.624989]",
    "[-46.896393,-29.848406,9.551876]",
    "[-46.896393,-30.090071,8.589371]",
    "[-46.896393,-30.125816,7.637846]",
    "[-46.896393,-29.790562,6.599403]",
    "[-46.896393,-29.069944,5.642923]",
    "[-46.896393,-28.106483,5.387171]",
    "[-46.896393,-27.120953,5.282097]",
    "[-46.896393,-27.124580,5.797235]"
  ],
  "Slice" : 39,
  "DataValues" : [
    758,
    738,
    742,
    762,
    633,
    757,
    739,
    726,
    686,
    725,
    745,
    749,
    676,
    669,
    683,
    725,
    705,
    734,
    698,
    670,
    653,
    653,
    677,
    762,
    681,
    710,
    701,
    670,
    649,
    665,
    688,
    698,
    712,
    674,
    734,
    655,
    687,
    646,
    617,
    640,
    647,
    673,
    701,
    639,
    674,
    685,
    651,
    706,
    643,
    661,
    676,
    661,
    661,
    685,
    742,
    633,
    671,
    668,
    661,
    655,
    641,
    664,
    748,
    739,
    782,
    684,
    637,
    605,
    664,
    646,
    667,
    646,
    653,
    692,
    675,
    661,
    691,
    629,
    653,
    624,
    629,
    637,
    741,
    704,
    673,
    700,
    687,
    631,
    667,
    602,
    613,
    644,
    669,
    620,
    679,
    677,
    671,
    649,
    582,
    645,
    612,
    681,
    638,
    784,
    625,
    678,
    668,
    649,
    647,
    604,
    624,
    621,
    656,
    652,
    795,
    647,
    684,
    683,
    659,
    662,
    608,
    590,
    644,
    631,
    608,
    700,
    613,
    386,
    606,
    657,
    638,
    612,
    645,
    626,
    599,
    614,
    617,
    693,
    628,
    427,
    701,
    660,
    675,
    609,
    629,
    650,
    633,
    601,
    671,
    666,
    472,
    402,
    669,
    670,
    664,
    663,
    599,
    638,
    647,
    639,
    649,
    660,
    545,
    675,
    661,
    702,
    680,
    661,
    698,
    681,
    699,
    681,
    646,
    585,
    689,
    693,
    688,
    686,
    721,
    685,
    708,
    678,
    674,
    643,
    653,
    685,
    715,
    721,
    733,
    708,
    709,
    679,
    673,
    682,
    689,
    670,
    702,
    710,
    743,
    745,
    716,
    708,
    704,
    699,
    700,
    729,
    717,
    730,
    695,
    711,
    728,
    737,
    726,
    727,
    728,
    743,
    755,
    736,
    723,
    743,
    757,
    761,
    773
  ],
  "ROIPoints" : [
    "[192.039308,186.714980]",
    "[192.013967,184.186701]",
    "[192.964760,181.475977]",
    "[193.112463,178.763739]",
    "[191.827356,175.937365]",
    "[191.170229,173.360320]",
    "[190.478090,170.449351]",
    "[188.624018,168.932570]",
    "[185.733297,166.639643]",
    "[183.187723,167.608813]",
    "[181.892157,170.183581]",
    "[182.057585,173.158721]",
    "[182.602121,175.866458]",
    "[182.637903,178.728087]",
    "[181.993467,181.294772]",
    "[181.898149,183.832163]",
    "[182.792166,186.601347]",
    "[184.713812,189.151969]",
    "[187.283041,189.833970]",
    "[189.911123,190.114159]",
    "[189.901438,188.740458]"
  ]
}