{
  "DataSummary" : {
    "Max" : 1214,
    "Median" : 811,
    "Dev" : 130.59870910644531,
    "Name" : "",
    "AreaCM2" : 0.37593338012695315,
    "LengthPIX" : 63.815422058105469,
    "Mean" : 851.29449462890625,
    "LengthCM" : 2.393080472946167,
    "AreaPIX2" : 267.33041381835938,
    "Total" : 248578,
    "Min" : 468,
    "Type" : "Pencil"
  },
  "Name" : "Unnamed",
  "ROI3DPoints" : [
    "[-46.896393,-14.018938,11.912460]",
    "[-46.896393,-14.093851,13.330486]",
    "[-46.896393,-14.896568,14.643559]",
    "[-46.896393,-15.289164,15.288673]",
    "[-46.896393,-15.712687,16.141727]",
    "[-46.896393,-17.253948,15.986729]",
    "[-46.896393,-17.821552,14.799587]",
    "[-46.896393,-18.106064,14.273520]",
    "[-46.896393,-18.773043,13.388622]",
    "[-46.896393,-19.593618,12.377056]",
    "[-46.896393,-19.894381,11.384693]",
    "[-46.896393,-19.950228,10.407127]",
    "[-46.896393,-19.414782,9.435026]",
    "[-46.896393,-18.442469,8.834337]",
    "[-46.896393,-17.417765,8.589851]",
    "[-46.896393,-16.445601,8.565350]",
    "[-46.896393,-15.462164,8.286932]",
    "[-46.896393,-14.453997,7.973358]",
    "[-46.896393,-13.495411,8.400034]",
    "[-46.896393,-13.182060,9.352108]",
    "[-46.896393,-13.372084,10.305710]"
  ],
  "Slice" : 39,
  "DataValues" : [
    1156,
    1134,
    1169,
    1167,
    1197,
    1206,
    1144,
    1116,
    1162,
    1145,
    1173,
    1166,
    1095,
    1116,
    1087,
    1097,
    1110,
    1138,
    1186,
    1049,
    1019,
    1033,
    1035,
    1056,
    1095,
    1119,
    1182,
    993,
    1000,
    930,
    920,
    990,
    1018,
    1146,
    1185,
    1209,
    932,
    928,
    926,
    912,
    935,
    944,
    794,
    821,
    1018,
    1117,
    884,
    886,
    858,
    870,
    848,
    899,
    958,
    872,
    1007,
    1014,
    1145,
    1214,
    844,
    870,
    853,
    831,
    844,
    860,
    932,
    980,
    978,
    1023,
    1047,
    1120,
    1149,
    819,
    816,
    792,
    801,
    828,
    831,
    830,
    890,
    913,
    909,
    868,
    955,
    1006,
    1029,
    1056,
    871,
    860,
    803,
    809,
    826,
    787,
    825,
    847,
    858,
    855,
    831,
    869,
    903,
    986,
    958,
    958,
    794,
    831,
    751,
    777,
    783,
    814,
    784,
    831,
    808,
    821,
    804,
    818,
    857,
    900,
    907,
    907,
    906,
    862,
    826,
    811,
    792,
    780,
    782,
    811,
    797,
    786,
    797,
    810,
    806,
    813,
    866,
    885,
    869,
    829,
    755,
    786,
    755,
    766,
    772,
    784,
    773,
    773,
    767,
    786,
    814,
    805,
    784,
    784,
    867,
    875,
    870,
    828,
    792,
    758,
    744,
    769,
    746,
    772,
    754,
    778,
    782,
    810,
    777,
    770,
    775,
    840,
    866,
    775,
    712,
    722,
    750,
    736,
    716,
    751,
    737,
    744,
    743,
    757,
    766,
    771,
    739,
    768,
    844,
    876,
    861,
    787,
    829,
    789,
    777,
    714,
    714,
    716,
    739,
    720,
    762,
    741,
    751,
    728,
    742,
    748,
    797,
    804,
    804,
    720,
    686,
    703,
    693,
    733,
    707,
    705,
    708,
    730,
    740,
    731,
    730,
    745,
    745,
    753,
    787,
    799,
    800,
    848,
    838,
    820,
    758,
    741,
    702,
    730,
    766,
    756,
    759,
    746,
    751,
    717,
    735,
    748,
    755,
    782,
    788,
    825,
    896,
    648,
    785,
    713,
    735,
    712,
    779,
    731,
    759,
    745,
    777,
    779,
    769,
    769,
    823,
    827,
    897,
    724,
    798,
    771,
    853,
    795,
    822,
    785,
    753,
    687,
    766,
    740,
    788,
    805,
    880,
    881,
    821,
    858,
    947,
    851,
    830,
    870,
    974,
    885,
    845,
    633,
    786,
    700,
    468,
    704,
    776,
    783,
    778,
    730
  ],
  "ROIPoints" : [
    "[224.849817,172.433191]",
    "[224.650058,168.651796]",
    "[222.509483,165.150276]",
    "[221.462562,163.429959]",
    "[220.333157,161.155154]",
    "[216.223130,161.568482]",
    "[214.709519,164.734186]",
    "[213.950815,166.137043]",
    "[212.172208,168.496760]",
    "[209.984010,171.194281]",
    "[209.181978,173.840582]",
    "[209.033057,176.447424]",
    "[210.460910,179.039691]",
    "[213.053735,180.641528]",
    "[215.786288,181.293490]",
    "[218.378726,181.358820]",
    "[221.001228,182.101275]",
    "[223.689663,182.937464]",
    "[226.245891,181.799670]",
    "[227.081491,179.260809]",
    "[226.574773,176.717871]"
  ]
}