{
  "DataSummary" : {
    "Max" : 1007,
    "Median" : 744,
    "Dev" : 86.212371826171875,
    "Name" : "",
    "AreaCM2" : 0.48314296722412109,
    "LengthPIX" : 75.036262512207031,
    "Mean" : 748.62933349609375,
    "LengthCM" : 2.813861608505249,
    "AreaPIX2" : 343.56832885742188,
    "Total" : 280736,
    "Min" : 281,
    "Type" : "Pencil"
  },
  "Name" : "Unnamed",
  "ROI3DPoints" : [
    "[-46.896393,-21.390123,13.054169]",
    "[-46.896393,-20.446981,12.330559]",
    "[-46.896393,-20.089909,11.345366]",
    "[-46.896393,-20.269100,10.372641]",
    "[-46.896393,-19.860151,9.402256]",
    "[-46.896393,-19.950869,8.439442]",
    "[-46.896393,-20.973993,8.235725]",
    "[-46.896393,-21.970270,8.451103]",
    "[-46.896393,-22.933708,8.566957]",
    "[-46.896393,-23.922844,8.708429]",
    "[-46.896393,-24.875616,9.186077]",
    "[-46.896393,-25.706886,10.155455]",
    "[-46.896393,-26.258606,11.156269]",
    "[-46.896393,-26.871986,12.139196]",
    "[-46.896393,-27.743946,13.083832]",
    "[-46.896393,-28.529211,14.062857]",
    "[-46.896393,-28.674408,15.007349]",
    "[-46.896393,-27.979712,15.983685]",
    "[-46.896393,-26.980339,16.816391]",
    "[-46.896393,-25.924330,17.307039]",
    "[-46.896393,-24.949368,17.513794]",
    "[-46.896393,-24.005030,17.048861]",
    "[-46.896393,-23.547918,16.075432]",
    "[-46.896393,-22.934166,15.098387]",
    "[-46.896393,-22.430460,14.149700]",
    "[-46.896393,-21.448236,13.185919]"
  ],
  "Slice" : 39,
  "DataValues" : [
    1007,
    997,
    963,
    986,
    974,
    961,
    936,
    899,
    934,
    904,
    885,
    885,
    918,
    911,
    872,
    885,
    848,
    858,
    862,
    830,
    819,
    849,
    887,
    872,
    870,
    884,
    826,
    832,
    804,
    808,
    780,
    795,
    777,
    851,
    839,
    841,
    828,
    802,
    795,
    800,
    761,
    763,
    767,
    733,
    762,
    811,
    776,
    578,
    827,
    789,
    758,
    707,
    781,
    729,
    683,
    784,
    744,
    762,
    787,
    781,
    801,
    628,
    566,
    860,
    814,
    832,
    768,
    769,
    768,
    800,
    799,
    804,
    752,
    794,
    791,
    803,
    852,
    920,
    787,
    794,
    781,
    735,
    791,
    775,
    763,
    784,
    719,
    765,
    779,
    758,
    788,
    794,
    792,
    782,
    835,
    750,
    756,
    693,
    718,
    707,
    770,
    756,
    796,
    793,
    746,
    778,
    764,
    781,
    768,
    775,
    810,
    832,
    890,
    762,
    633,
    608,
    740,
    806,
    792,
    744,
    725,
    705,
    740,
    744,
    758,
    753,
    787,
    737,
    784,
    812,
    901,
    725,
    587,
    694,
    817,
    784,
    805,
    755,
    745,
    732,
    733,
    763,
    745,
    748,
    821,
    778,
    810,
    823,
    850,
    569,
    705,
    635,
    782,
    786,
    742,
    718,
    705,
    728,
    760,
    731,
    741,
    758,
    751,
    748,
    791,
    807,
    790,
    730,
    681,
    678,
    736,
    756,
    795,
    731,
    721,
    717,
    754,
    739,
    721,
    742,
    778,
    791,
    793,
    792,
    870,
    730,
    674,
    734,
    733,
    667,
    715,
    716,
    716,
    725,
    758,
    723,
    723,
    751,
    752,
    733,
    803,
    823,
    907,
    670,
    791,
    639,
    674,
    812,
    763,
    745,
    715,
    687,
    727,
    726,
    710,
    734,
    731,
    743,
    766,
    780,
    795,
    856,
    929,
    898,
    742,
    733,
    689,
    710,
    685,
    720,
    703,
    720,
    714,
    719,
    717,
    734,
    741,
    777,
    770,
    827,
    834,
    851,
    829,
    740,
    780,
    728,
    726,
    725,
    681,
    696,
    722,
    760,
    703,
    725,
    757,
    733,
    744,
    781,
    826,
    852,
    870,
    675,
    701,
    699,
    671,
    684,
    669,
    705,
    720,
    714,
    708,
    710,
    715,
    711,
    704,
    730,
    715,
    765,
    796,
    853,
    736,
    704,
    672,
    678,
    687,
    720,
    693,
    710,
    735,
    726,
    704,
    732,
    797,
    807,
    281,
    553,
    677,
    678,
    674,
    670,
    670,
    688,
    698,
    701,
    721,
    683,
    707,
    696,
    681,
    738,
    529,
    758,
    692,
    741,
    665,
    670,
    673,
    721,
    672,
    729,
    709,
    706,
    726,
    756,
    778,
    707,
    539,
    730,
    753,
    764,
    721,
    663,
    637,
    705,
    689,
    742,
    655,
    690,
    674,
    743,
    488,
    506,
    642,
    703,
    716,
    712,
    736,
    717,
    702,
    701,
    748,
    727,
    796,
    563,
    371,
    809,
    679,
    651,
    717,
    753,
    792,
    718,
    700,
    692,
    612,
    412,
    348,
    786,
    719,
    750,
    821,
    699,
    611,
    560,
    641
  ],
  "ROIPoints" : [
    "[205.193336,169.388648]",
    "[207.708368,171.318263]",
    "[208.660570,173.945445]",
    "[208.182726,176.539385]",
    "[209.273254,179.127078]",
    "[209.031342,181.694583]",
    "[206.303017,182.237818]",
    "[203.646273,181.663485]",
    "[201.077097,181.354533]",
    "[198.439402,180.977278]",
    "[195.898687,179.703551]",
    "[193.681959,177.118540]",
    "[192.210710,174.449709]",
    "[190.575029,171.828566]",
    "[188.249796,169.309538]",
    "[186.155760,166.698813]",
    "[185.768576,164.180155]",
    "[187.621099,161.576594]",
    "[190.286081,159.356055]",
    "[193.102110,158.047656]",
    "[195.702005,157.496310]",
    "[198.220251,158.736132]",
    "[199.439211,161.331938]",
    "[201.075884,163.937396]",
    "[202.419094,166.467227]",
    "[205.038359,169.037310]"
  ]
}