{
  "DataSummary" : {
    "Max" : 1055,
    "Median" : 714,
    "Dev" : 94.327743530273438,
    "Name" : "",
    "AreaCM2" : 0.26412679672241213,
    "LengthPIX" : 63.879524230957031,
    "Mean" : 739.3662109375,
    "LengthCM" : 2.3954818248748779,
    "AreaPIX2" : 187.82350158691406,
    "Total" : 157485,
    "Min" : 608,
    "Type" : "Pencil"
  },
  "Name" : "Unnamed",
  "ROI3DPoints" : [
    "[-43.096394,2.118124,-2.712254]",
    "[-43.096394,2.434290,-3.429586]",
    "[-43.096394,2.605814,-4.213358]",
    "[-43.096394,2.586840,-4.947674]",
    "[-43.096394,2.567087,-5.659594]",
    "[-43.096394,2.610323,-6.513998]",
    "[-43.096394,2.639688,-6.942556]",
    "[-43.096394,2.669065,-7.371115]",
    "[-43.096394,2.375284,-7.682343]",
    "[-43.096394,2.081514,-7.993576]",
    "[-43.096394,1.456656,-8.356079]",
    "[-43.096394,1.049395,-8.686275]",
    "[-43.096394,1.041487,-9.176025]",
    "[-43.096394,1.765966,-9.694054]",
    "[-43.096394,2.230150,-10.438297]",
    "[-43.096394,2.126581,-11.151773]",
    "[-43.096394,1.358580,-11.586489]",
    "[-43.096394,0.581755,-11.667450]",
    "[-43.096394,-0.121038,-11.512852]",
    "[-43.096394,-0.650980,-10.800354]",
    "[-43.096394,-0.824873,-9.985203]",
    "[-43.096394,-0.932608,-9.236330]",
    "[-43.096394,-1.114397,-8.514111]",
    "[-43.096394,-1.347548,-7.799753]",
    "[-43.096394,-1.502649,-7.072453]",
    "[-43.096394,-1.486490,-6.349003]",
    "[-43.096394,-1.076071,-5.614641]",
    "[-43.096394,-0.387857,-4.937283]",
    "[-43.096394,-0.097326,-4.221895]",
    "[-43.096394,0.433245,-3.562910]",
    "[-43.096394,0.794695,-2.836124]",
    "[-43.096394,1.149485,-2.192875]",
    "[-43.096394,1.861490,-2.343193]"
  ],
  "Slice" : 49,
  "DataValues" : [
    800,
    854,
    945,
    734,
    785,
    887,
    984,
    745,
    729,
    730,
    832,
    948,
    710,
    691,
    695,
    758,
    902,
    1055,
    669,
    662,
    689,
    770,
    853,
    1038,
    708,
    664,
    646,
    681,
    712,
    839,
    1038,
    724,
    699,
    663,
    662,
    693,
    726,
    800,
    997,
    717,
    711,
    637,
    632,
    680,
    706,
    802,
    957,
    718,
    727,
    673,
    630,
    660,
    672,
    715,
    816,
    973,
    741,
    738,
    713,
    668,
    610,
    638,
    661,
    699,
    810,
    958,
    718,
    733,
    719,
    708,
    686,
    623,
    664,
    667,
    700,
    789,
    917,
    688,
    700,
    740,
    741,
    713,
    657,
    608,
    618,
    649,
    707,
    759,
    865,
    714,
    746,
    738,
    736,
    695,
    647,
    624,
    640,
    646,
    697,
    764,
    854,
    734,
    732,
    728,
    730,
    676,
    673,
    631,
    614,
    668,
    715,
    750,
    865,
    705,
    720,
    702,
    720,
    671,
    636,
    650,
    660,
    691,
    754,
    787,
    872,
    729,
    705,
    713,
    679,
    647,
    641,
    660,
    737,
    795,
    836,
    715,
    692,
    690,
    646,
    635,
    723,
    860,
    923,
    705,
    692,
    669,
    645,
    645,
    739,
    903,
    724,
    714,
    695,
    648,
    670,
    716,
    807,
    709,
    691,
    645,
    655,
    677,
    723,
    786,
    736,
    697,
    643,
    663,
    657,
    661,
    705,
    793,
    748,
    703,
    712,
    686,
    651,
    659,
    682,
    759,
    843,
    806,
    745,
    680,
    662,
    652,
    668,
    703,
    741,
    825,
    773,
    708,
    683,
    662,
    682,
    719,
    748,
    817,
    858,
    830,
    742,
    732,
    759,
    794,
    812,
    863,
    954,
    960,
    944,
    933,
    913,
    939,
    963
  ],
  "ROIPoints" : [
    "[267.882002,211.432441]",
    "[268.725100,213.345318]",
    "[269.182509,215.435381]",
    "[269.131895,217.393554]",
    "[269.079226,219.292015]",
    "[269.194516,221.570417]",
    "[269.272835,222.713238]",
    "[269.351154,223.856058]",
    "[268.567764,224.686009]",
    "[267.784374,225.515959]",
    "[266.118067,226.482630]",
    "[265.032049,227.363167]",
    "[265.010954,228.669159]",
    "[266.942915,230.050573]",
    "[268.180731,232.035215]",
    "[267.904539,233.937814]",
    "[265.856550,235.097059]",
    "[263.784994,235.312959]",
    "[261.910902,234.900694]",
    "[260.497717,233.000696]",
    "[260.033991,230.826967]",
    "[259.746718,228.829973]",
    "[259.261938,226.904054]",
    "[258.640185,224.999107]",
    "[258.226595,223.059637]",
    "[258.269678,221.130432]",
    "[259.364123,219.172132]",
    "[261.199385,217.365845]",
    "[261.974112,215.458147]",
    "[263.388975,213.700844]",
    "[264.352837,211.762758]",
    "[265.298946,210.047427]",
    "[267.197623,210.448278]"
  ]
}