{
  "DataSummary" : {
    "Max" : 1053,
    "Median" : 814,
    "Dev" : 57.581233978271484,
    "Name" : "",
    "AreaCM2" : 0.27835184097290039,
    "LengthPIX" : 58.251064300537109,
    "Mean" : 818.9315185546875,
    "LengthCM" : 2.1844146251678467,
    "AreaPIX2" : 197.9390869140625,
    "Total" : 179346,
    "Min" : 627,
    "Type" : "Pencil"
  },
  "Name" : "Unnamed",
  "ROI3DPoints" : [
    "[-43.096394,-2.269415,10.628502]",
    "[-43.096394,-2.631157,11.357531]",
    "[-43.096394,-3.137512,12.059689]",
    "[-43.096394,-3.699108,12.760948]",
    "[-43.096394,-4.166571,13.452091]",
    "[-43.096394,-4.509985,14.264250]",
    "[-43.096394,-4.831758,14.999693]",
    "[-43.096394,-5.481159,15.735188]",
    "[-43.096394,-6.246042,15.882582]",
    "[-43.096394,-6.804079,15.181568]",
    "[-43.096394,-7.011967,14.483421]",
    "[-43.096394,-7.358706,13.747011]",
    "[-43.096394,-7.622440,13.003317]",
    "[-43.096394,-7.750053,12.253637]",
    "[-43.096394,-7.601492,11.564428]",
    "[-43.096394,-7.149450,10.872089]",
    "[-43.096394,-6.434629,10.341461]",
    "[-43.096394,-5.702253,9.807331]",
    "[-43.096394,-5.250252,9.079458]",
    "[-43.096394,-4.967623,8.351007]",
    "[-43.096394,-4.593138,7.614729]",
    "[-43.096394,-3.894997,7.276007]",
    "[-43.096394,-3.166735,7.564301]",
    "[-43.096394,-2.463902,8.016233]"
  ],
  "Slice" : 49,
  "DataValues" : [
    876,
    878,
    894,
    939,
    868,
    818,
    843,
    866,
    881,
    853,
    839,
    818,
    827,
    869,
    930,
    825,
    834,
    818,
    857,
    833,
    884,
    963,
    873,
    835,
    813,
    823,
    837,
    832,
    872,
    907,
    837,
    815,
    789,
    819,
    841,
    808,
    839,
    908,
    851,
    841,
    818,
    786,
    768,
    793,
    801,
    835,
    878,
    969,
    872,
    841,
    781,
    765,
    808,
    786,
    774,
    805,
    831,
    861,
    888,
    862,
    816,
    794,
    779,
    770,
    787,
    805,
    786,
    839,
    882,
    903,
    861,
    816,
    797,
    768,
    780,
    796,
    797,
    807,
    786,
    826,
    848,
    899,
    876,
    845,
    819,
    803,
    804,
    789,
    790,
    772,
    799,
    798,
    838,
    924,
    890,
    850,
    846,
    839,
    781,
    764,
    757,
    760,
    749,
    762,
    777,
    826,
    894,
    883,
    827,
    809,
    791,
    758,
    758,
    755,
    761,
    765,
    781,
    802,
    855,
    874,
    878,
    872,
    838,
    796,
    777,
    729,
    730,
    733,
    753,
    763,
    800,
    789,
    887,
    912,
    848,
    839,
    791,
    750,
    727,
    752,
    770,
    778,
    795,
    799,
    846,
    901,
    856,
    832,
    764,
    758,
    727,
    750,
    743,
    753,
    794,
    812,
    879,
    840,
    799,
    778,
    776,
    769,
    775,
    789,
    795,
    838,
    870,
    827,
    814,
    795,
    746,
    734,
    735,
    744,
    780,
    821,
    891,
    814,
    817,
    794,
    810,
    822,
    792,
    807,
    826,
    834,
    878,
    806,
    790,
    723,
    722,
    735,
    772,
    784,
    824,
    894,
    803,
    806,
    884,
    881,
    852,
    881,
    934,
    873,
    809,
    784,
    765,
    765,
    756,
    831,
    781,
    627,
    684,
    695,
    905,
    1053,
    971,
    968,
    969
  ],
  "ROIPoints" : [
    "[256.181891,175.857090]",
    "[255.217241,173.913011]",
    "[253.866965,172.040592]",
    "[252.369368,170.170559]",
    "[251.122805,168.327520]",
    "[250.207026,166.161760]",
    "[249.348967,164.200575]",
    "[247.617230,162.239263]",
    "[245.577551,161.846201]",
    "[244.089447,163.715574]",
    "[243.535082,165.577299]",
    "[242.610440,167.541063]",
    "[241.907147,169.524246]",
    "[241.566843,171.523392]",
    "[241.963015,173.361278]",
    "[243.168459,175.207521]",
    "[245.074652,176.622522]",
    "[247.027649,178.046875]",
    "[248.232985,179.987873]",
    "[248.986666,181.930404]",
    "[249.985296,183.893810]",
    "[251.847006,184.797072]",
    "[253.789034,184.028284]",
    "[255.663256,182.823130]"
  ]
}