{
  "DataSummary" : {
    "Max" : 1011,
    "Median" : 803,
    "Dev" : 79.038101196289062,
    "Name" : "",
    "AreaCM2" : 0.085520296096801757,
    "LengthPIX" : 29.183553695678711,
    "Mean" : 816.21331787109375,
    "LengthCM" : 1.0943828821182251,
    "AreaPIX2" : 60.814434051513672,
    "Total" : 61216,
    "Min" : 641,
    "Type" : "Pencil"
  },
  "Name" : "Unnamed",
  "ROI3DPoints" : [
    "[-43.096394,0.622725,-13.458736]",
    "[-43.096394,0.891191,-13.097807]",
    "[-43.096394,0.993250,-12.421432]",
    "[-43.096394,-0.631193,-11.246748]",
    "[-43.096394,-1.508497,-11.697250]",
    "[-43.096394,-2.365866,-12.217716]",
    "[-43.096394,-2.310339,-13.517920]",
    "[-43.096394,-2.159403,-14.059958]",
    "[-43.096394,-2.008478,-14.601995]",
    "[-43.096394,-1.523409,-14.469124]",
    "[-43.096394,-0.989416,-14.340132]",
    "[-43.096394,-0.485647,-14.292370]",
    "[-43.096394,0.045622,-14.070017]",
    "[-43.096394,0.533335,-13.900152]"
  ],
  "Slice" : 49,
  "DataValues" : [
    917,
    830,
    742,
    806,
    930,
    981,
    954,
    960,
    761,
    765,
    755,
    778,
    748,
    827,
    905,
    943,
    1011,
    788,
    801,
    824,
    807,
    834,
    819,
    823,
    837,
    795,
    713,
    835,
    796,
    769,
    739,
    763,
    767,
    778,
    864,
    816,
    641,
    847,
    803,
    747,
    729,
    696,
    720,
    738,
    800,
    863,
    926,
    802,
    761,
    709,
    726,
    702,
    745,
    808,
    844,
    869,
    815,
    775,
    735,
    703,
    738,
    852,
    912,
    926,
    934,
    793,
    783,
    791,
    822,
    919,
    931,
    955,
    753,
    902,
    920
  ],
  "ROIPoints" : [
    "[263.894263,240.089722]",
    "[264.610171,239.127245]",
    "[264.882331,237.323575]",
    "[260.550489,234.191086]",
    "[258.210990,235.392424]",
    "[255.924684,236.780338]",
    "[256.072767,240.247545]",
    "[256.475246,241.692977]",
    "[256.877726,243.138408]",
    "[258.171221,242.784091]",
    "[259.595205,242.440104]",
    "[260.938593,242.312737]",
    "[262.355326,241.719806]",
    "[263.655874,241.266824]"
  ]
}