{
  "DataSummary" : {
    "Max" : 962,
    "Median" : 776,
    "Dev" : 56.674209594726562,
    "Name" : "",
    "AreaCM2" : 0.22312522888183595,
    "LengthPIX" : 58.302955627441406,
    "Mean" : 781.11517333984375,
    "LengthCM" : 2.1863610744476318,
    "AreaPIX2" : 158.66682434082031,
    "Total" : 149193,
    "Min" : 654,
    "Type" : "Pencil"
  },
  "Name" : "Unnamed",
  "ROI3DPoints" : [
    "[-43.096394,-26.983080,20.860991]",
    "[-43.096394,-26.512562,21.605103]",
    "[-43.096394,-26.562927,22.323780]",
    "[-43.096394,-26.786985,23.037302]",
    "[-43.096394,-27.315187,23.441467]",
    "[-43.096394,-28.390886,23.591116]",
    "[-43.096394,-29.294397,23.286806]",
    "[-43.096394,-29.943380,22.812592]",
    "[-43.096394,-30.230398,22.114754]",
    "[-43.096394,-30.674755,21.350363]",
    "[-43.096394,-30.871902,20.617008]",
    "[-43.096394,-31.144014,19.843313]",
    "[-43.096394,-31.525709,19.131456]",
    "[-43.096394,-32.024937,17.770422]",
    "[-43.096394,-32.030079,17.046560]",
    "[-43.096394,-31.879234,16.355057]",
    "[-43.096394,-31.417837,15.635487]",
    "[-43.096394,-30.705912,15.380444]",
    "[-43.096394,-30.009064,16.088495]",
    "[-43.096394,-29.684607,16.817135]",
    "[-43.096394,-29.463295,17.519030]",
    "[-43.096394,-29.154264,18.250771]",
    "[-43.096394,-28.926435,19.019024]",
    "[-43.096394,-28.814695,19.725267]",
    "[-43.096394,-28.446150,20.422373]",
    "[-43.096394,-27.735861,20.598440]",
    "[-43.096394,-27.031712,20.570557]"
  ],
  "Slice" : 49,
  "DataValues" : [
    942,
    869,
    818,
    884,
    962,
    944,
    878,
    854,
    825,
    789,
    834,
    938,
    876,
    863,
    822,
    800,
    751,
    781,
    809,
    832,
    880,
    891,
    833,
    806,
    791,
    773,
    776,
    773,
    824,
    821,
    852,
    797,
    788,
    786,
    751,
    789,
    789,
    800,
    824,
    821,
    947,
    796,
    798,
    792,
    732,
    747,
    765,
    776,
    824,
    818,
    869,
    861,
    811,
    857,
    783,
    749,
    719,
    754,
    780,
    781,
    811,
    821,
    800,
    852,
    867,
    848,
    829,
    758,
    742,
    756,
    742,
    793,
    756,
    784,
    804,
    867,
    826,
    833,
    793,
    704,
    717,
    726,
    762,
    803,
    844,
    824,
    858,
    896,
    789,
    728,
    702,
    731,
    772,
    811,
    798,
    812,
    833,
    848,
    873,
    780,
    714,
    710,
    742,
    784,
    801,
    810,
    767,
    710,
    728,
    725,
    733,
    765,
    832,
    821,
    758,
    750,
    708,
    709,
    729,
    754,
    804,
    728,
    724,
    718,
    721,
    741,
    770,
    791,
    796,
    810,
    742,
    713,
    732,
    752,
    759,
    763,
    818,
    789,
    803,
    755,
    742,
    700,
    729,
    749,
    750,
    789,
    750,
    777,
    778,
    714,
    732,
    773,
    770,
    834,
    763,
    691,
    702,
    665,
    720,
    748,
    769,
    801,
    743,
    711,
    713,
    703,
    762,
    724,
    782,
    654,
    726,
    672,
    658,
    710,
    738,
    753,
    774,
    766,
    755,
    736,
    768,
    745,
    806,
    756,
    745,
    816,
    752,
    770,
    712,
    674,
    756
  ],
  "ROIPoints" : [
    "[190.278780,148.570448]",
    "[191.533489,146.586149]",
    "[191.399180,144.669676]",
    "[190.801695,142.766947]",
    "[189.393154,141.689176]",
    "[186.524623,141.290116]",
    "[184.115267,142.101602]",
    "[182.384642,143.366182]",
    "[181.619265,145.227075]",
    "[180.434312,147.265460]",
    "[179.908589,149.221075]",
    "[179.182954,151.284259]",
    "[178.165102,153.182546]",
    "[176.833830,156.811964]",
    "[176.820116,158.742265]",
    "[177.222368,160.586271]",
    "[178.452761,162.505129]",
    "[180.351229,163.185240]",
    "[182.209494,161.297098]",
    "[183.074705,159.354067]",
    "[183.664866,157.482351]",
    "[184.488947,155.531038]",
    "[185.096499,153.482355]",
    "[185.394472,151.599046]",
    "[186.377251,149.740099]",
    "[188.271357,149.270586]",
    "[190.149094,149.344946]"
  ]
}