{
  "DataSummary" : {
    "Max" : 1026,
    "Median" : 854,
    "Dev" : 53.274059295654297,
    "Name" : "",
    "AreaCM2" : 0.78138328552246095,
    "LengthPIX" : 126.90413665771484,
    "Mean" : 856.80133056640625,
    "LengthCM" : 4.7589073181152344,
    "AreaPIX2" : 555.65032958984375,
    "Total" : 508940,
    "Min" : 676,
    "Type" : "Pencil"
  },
  "Name" : "Unnamed",
  "ROI3DPoints" : [
    "[-43.096394,-16.073387,23.822212]",
    "[-43.096394,-16.761332,23.829176]",
    "[-43.096394,-17.474035,23.326431]",
    "[-43.096394,-17.918787,24.062744]",
    "[-43.096394,-18.056185,24.793255]",
    "[-43.096394,-18.731627,25.499401]",
    "[-43.096394,-19.453022,25.570618]",
    "[-43.096394,-20.020042,24.863693]",
    "[-43.096394,-20.245365,24.170931]",
    "[-43.096394,-20.388130,23.424341]",
    "[-43.096394,-20.445574,22.708015]",
    "[-43.096394,-20.395695,21.916147]",
    "[-43.096394,-20.234894,21.137342]",
    "[-43.096394,-20.028740,20.378078]",
    "[-43.096394,-19.635653,19.624771]",
    "[-43.096394,-18.908878,18.999992]",
    "[-43.096394,-18.161579,18.711802]",
    "[-43.096394,-17.452847,18.932386]",
    "[-43.096394,-16.760393,19.107401]",
    "[-43.096394,-16.034317,18.689154]",
    "[-43.096394,-15.341515,18.264074]",
    "[-43.096394,-14.639568,18.627487]",
    "[-43.096394,-13.930910,18.672548]",
    "[-43.096394,-13.291054,17.922033]",
    "[-43.096394,-13.046665,17.180330]",
    "[-43.096394,-12.839510,16.476467]",
    "[-43.096394,-12.640297,15.748594]",
    "[-43.096394,-12.564823,15.048559]",
    "[-43.096394,-12.492188,14.337389]",
    "[-43.096394,-12.364689,13.625252]",
    "[-43.096394,-12.300940,12.874788]",
    "[-43.096394,-12.186871,12.158909]",
    "[-43.096394,-11.766500,11.455063]",
    "[-43.096394,-11.031893,11.100897]",
    "[-43.096394,-10.323223,11.037193]",
    "[-43.096394,-9.579535,11.222239]",
    "[-43.096394,-8.889204,11.863926]",
    "[-43.096394,-8.362776,12.589241]",
    "[-43.096394,-8.046890,13.322979]",
    "[-43.096394,-7.825333,14.024593]",
    "[-43.096394,-7.555161,14.767887]",
    "[-43.096394,-7.259577,15.460615]",
    "[-43.096394,-6.963163,16.166756]",
    "[-43.096394,-6.989702,16.852732]",
    "[-43.096394,-7.361223,17.589096]",
    "[-43.096394,-8.086412,18.200319]",
    "[-43.096394,-8.785378,18.634663]",
    "[-43.096394,-9.476692,18.408424]",
    "[-43.096394,-10.176144,18.547207]",
    "[-43.096394,-10.246233,19.260368]",
    "[-43.096394,-10.384071,19.948914]",
    "[-43.096394,-11.050404,20.663111]",
    "[-43.096394,-11.780891,20.975025]",
    "[-43.096394,-12.385883,21.719080]",
    "[-43.096394,-13.123203,22.277746]",
    "[-43.096394,-13.833675,22.059427]",
    "[-43.096394,-14.523365,22.181988]",
    "[-43.096394,-14.744019,22.915760]",
    "[-43.096394,-15.004566,23.609461]",
    "[-43.096394,-15.710541,23.677576]"
  ],
  "Slice" : 49,
  "DataValues" : [
    1020,
    947,
    1003,
    985,
    961,
    902,
    919,
    912,
    916,
    965,
    907,
    908,
    870,
    893,
    949,
    980,
    912,
    913,
    876,
    874,
    921,
    968,
    955,
    892,
    888,
    882,
    885,
    893,
    972,
    903,
    934,
    897,
    902,
    849,
    868,
    869,
    877,
    960,
    992,
    888,
    905,
    927,
    910,
    869,
    870,
    871,
    859,
    885,
    926,
    939,
    897,
    867,
    874,
    902,
    865,
    878,
    891,
    955,
    904,
    901,
    874,
    862,
    867,
    890,
    878,
    892,
    889,
    860,
    870,
    844,
    859,
    872,
    902,
    958,
    914,
    887,
    879,
    847,
    851,
    836,
    892,
    881,
    860,
    852,
    871,
    866,
    863,
    863,
    874,
    966,
    888,
    882,
    865,
    838,
    811,
    843,
    844,
    812,
    817,
    846,
    845,
    841,
    881,
    875,
    881,
    931,
    886,
    855,
    837,
    852,
    795,
    802,
    815,
    828,
    830,
    843,
    818,
    839,
    852,
    865,
    847,
    860,
    868,
    845,
    847,
    838,
    887,
    913,
    874,
    868,
    877,
    861,
    831,
    801,
    820,
    784,
    805,
    842,
    842,
    829,
    846,
    860,
    864,
    881,
    859,
    840,
    820,
    842,
    843,
    884,
    902,
    882,
    867,
    839,
    839,
    853,
    860,
    844,
    840,
    829,
    839,
    840,
    833,
    841,
    837,
    850,
    841,
    838,
    836,
    839,
    835,
    816,
    850,
    883,
    863,
    831,
    856,
    863,
    861,
    839,
    824,
    861,
    840,
    825,
    833,
    841,
    862,
    864,
    843,
    855,
    860,
    858,
    829,
    841,
    832,
    825,
    911,
    925,
    882,
    897,
    876,
    891,
    882,
    869,
    842,
    866,
    849,
    829,
    807,
    825,
    831,
    840,
    867,
    831,
    815,
    812,
    819,
    829,
    822,
    823,
    855,
    868,
    884,
    907,
    890,
    852,
    865,
    859,
    874,
    873,
    877,
    881,
    862,
    871,
    865,
    880,
    849,
    853,
    821,
    807,
    808,
    795,
    813,
    809,
    843,
    877,
    961,
    909,
    881,
    887,
    943,
    905,
    892,
    906,
    899,
    870,
    853,
    880,
    854,
    859,
    888,
    898,
    873,
    821,
    774,
    795,
    788,
    783,
    785,
    827,
    882,
    942,
    940,
    908,
    881,
    909,
    907,
    952,
    905,
    903,
    920,
    910,
    935,
    927,
    899,
    868,
    825,
    820,
    791,
    784,
    783,
    806,
    806,
    858,
    917,
    1022,
    988,
    974,
    967,
    968,
    930,
    907,
    891,
    889,
    953,
    945,
    880,
    847,
    812,
    822,
    776,
    774,
    786,
    830,
    831,
    893,
    953,
    1008,
    993,
    996,
    914,
    876,
    826,
    797,
    780,
    799,
    805,
    832,
    827,
    893,
    891,
    809,
    784,
    756,
    811,
    799,
    816,
    817,
    846,
    871,
    848,
    835,
    855,
    855,
    909,
    937,
    876,
    836,
    793,
    804,
    799,
    806,
    815,
    869,
    818,
    821,
    830,
    841,
    851,
    849,
    960,
    936,
    902,
    834,
    842,
    788,
    775,
    805,
    810,
    841,
    835,
    806,
    849,
    835,
    834,
    859,
    916,
    786,
    905,
    865,
    807,
    790,
    788,
    803,
    815,
    820,
    803,
    800,
    829,
    822,
    821,
    832,
    882,
    760,
    928,
    850,
    829,
    801,
    784,
    803,
    799,
    802,
    812,
    801,
    802,
    804,
    816,
    838,
    885,
    803,
    884,
    950,
    868,
    851,
    807,
    824,
    804,
    801,
    783,
    799,
    788,
    776,
    811,
    836,
    862,
    886,
    852,
    872,
    892,
    853,
    823,
    818,
    881,
    818,
    793,
    761,
    762,
    775,
    805,
    819,
    859,
    892,
    904,
    905,
    914,
    845,
    852,
    829,
    909,
    875,
    762,
    711,
    719,
    771,
    818,
    822,
    872,
    877,
    905,
    910,
    844,
    847,
    820,
    850,
    824,
    767,
    693,
    719,
    778,
    832,
    834,
    882,
    928,
    916,
    914,
    860,
    855,
    807,
    822,
    816,
    748,
    676,
    688,
    771,
    833,
    839,
    913,
    931,
    903,
    897,
    858,
    854,
    820,
    801,
    778,
    699,
    713,
    780,
    828,
    864,
    911,
    892,
    910,
    873,
    862,
    845,
    822,
    807,
    778,
    720,
    714,
    789,
    818,
    890,
    887,
    910,
    864,
    868,
    833,
    808,
    797,
    779,
    778,
    756,
    780,
    847,
    877,
    912,
    907,
    875,
    839,
    826,
    813,
    797,
    794,
    781,
    782,
    816,
    849,
    905,
    927,
    901,
    858,
    837,
    838,
    818,
    817,
    835,
    822,
    829,
    849,
    858,
    899,
    911,
    861,
    836,
    835,
    842,
    819,
    798,
    822,
    858,
    906,
    963,
    865,
    879,
    848,
