{
  "DataSummary" : {
    "Max" : 1078,
    "Median" : 732,
    "Dev" : 102.47853088378906,
    "Name" : "",
    "AreaCM2" : 1.137252960205078,
    "LengthPIX" : 199.71652221679688,
    "Mean" : 719.04595947265625,
    "LengthCM" : 7.4893708229064941,
    "AreaPIX2" : 808.71319580078125,
    "Total" : 641389,
    "Min" : 250,
    "Type" : "Pencil"
  },
  "Name" : "Unnamed",
  "ROI3DPoints" : [
    "[-43.096394,-4.553661,6.079126]",
    "[-43.096394,-4.373617,5.363476]",
    "[-43.096394,-4.332636,4.641073]",
    "[-43.096394,-4.367861,3.892149]",
    "[-43.096394,-5.088118,3.336836]",
    "[-43.096394,-5.464193,4.086670]",
    "[-43.096394,-5.597712,4.805908]",
    "[-43.096394,-6.343180,5.162901]",
    "[-43.096394,-7.054419,5.537970]",
    "[-43.096394,-6.311754,6.207661]",
    "[-43.096394,-5.531839,6.408230]",
    "[-43.096394,-5.048859,7.140532]",
    "[-43.096394,-5.352654,7.883751]",
    "[-43.096394,-6.082844,8.453283]",
    "[-43.096394,-6.819643,8.876503]",
    "[-43.096394,-7.020824,9.642187]",
    "[-43.096394,-7.106804,10.420677]",
    "[-43.096394,-7.809105,10.979607]",
    "[-43.096394,-8.515343,10.829941]",
    "[-43.096394,-9.030230,10.112797]",
    "[-43.096394,-9.141552,9.413260]",
    "[-43.096394,-9.249870,8.657812]",
    "[-43.096394,-9.587442,7.965256]",
    "[-43.096394,-10.307436,7.627724]",
    "[-43.096394,-11.006264,7.170967]",
    "[-43.096394,-11.111435,6.466475]",
    "[-43.096394,-11.177330,5.757130]",
    "[-43.096394,-11.062031,5.061094]",
    "[-43.096394,-10.995443,4.321760]",
    "[-43.096394,-10.802891,3.629839]",
    "[-43.096394,-10.431112,2.897652]",
    "[-43.096394,-9.443419,2.439390]",
    "[-43.096394,-9.398993,1.930792]",
    "[-43.096394,-10.107073,1.118176]",
    "[-43.096394,-10.815834,0.539814]",
    "[-43.096394,-11.504711,0.100206]",
    "[-43.096394,-12.194973,-0.143862]",
    "[-43.096394,-12.889103,-0.489719]",
    "[-43.096394,-12.184284,-1.073305]",
    "[-43.096394,-11.461006,-1.148945]",
    "[-43.096394,-10.761600,-1.218800]",
    "[-43.096394,-10.816498,-1.928820]",
    "[-43.096394,-11.281082,-2.650953]",
    "[-43.096394,-11.541670,-3.343693]",
    "[-43.096394,-11.791162,-4.074804]",
    "[-43.096394,-11.918650,-4.818029]",
    "[-43.096394,-11.937590,-5.516811]",
    "[-43.096394,-11.592865,-6.238058]",
    "[-43.096394,-10.900188,-6.665283]",
    "[-43.096394,-10.166222,-6.994913]",
    "[-43.096394,-9.471222,-6.600109]",
    "[-43.096394,-8.887957,-5.878582]",
    "[-43.096394,-8.551174,-5.163898]",
    "[-43.096394,-8.143713,-4.442543]",
    "[-43.096394,-7.759827,-3.706270]",
    "[-43.096394,-8.511566,-3.097719]",
    "[-43.096394,-8.731728,-2.390898]",
    "[-43.096394,-8.359251,-1.664959]",
    "[-43.096394,-8.133476,-0.929956]",
    "[-43.096394,-7.435564,-0.740740]",
    "[-43.096394,-6.968599,-0.886423]",
    "[-43.096394,-7.637255,-1.225248]",
    "[-43.096394,-7.958897,-1.947594]",
    "[-43.096394,-7.261677,-2.052856]",
    "[-43.096394,-6.541449,-1.641842]",
    "[-43.096394,-5.834124,-1.260988]",
    "[-43.096394,-5.100346,-0.953114]",
    "[-43.096394,-4.582678,-0.260643]",
    "[-43.096394,-4.492487,0.484619]",
    "[-43.096394,-3.786324,1.129911]",
    "[-43.096394,-3.986498,0.438362]",
    "[-43.096394,-3.928322,-0.314528]",
    "[-43.096394,-3.233110,-0.983927]",
    "[-43.096394,-2.541704,-1.004566]",
    "[-43.096394,-1.846888,-0.756470]",
    "[-43.096394,-1.156454,-0.256929]",
    "[-43.096394,-0.429136,-0.197403]",
    "[-43.096394,0.321516,-0.256969]",
    "[-43.096394,1.012865,0.113562]",
    "[-43.096394,1.408831,0.866858]",
    "[-43.096394,1.368490,1.564724]",
    "[-43.096394,1.284708,2.274160]",
    "[-43.096394,1.238485,2.985851]",
    "[-43.096394,1.097219,3.732218]",
    "[-43.096394,0.610559,5.024090]",
    "[-43.096394,0.028250,5.498327]",
    "[-43.096394,-0.673010,5.359390]",
    "[-43.096394,-1.116446,6.082159]",
    "[-43.096394,-1.717878,6.779156]",
    "[-43.096394,-2.437735,7.014767]",
    "[-43.096394,-3.165104,7.024162]",
    "[-43.096394,-3.894556,6.856009]",
    "[-43.096394,-4.463579,6.391235]"
  ],
  "Slice" : 49,