{
  "DataSummary" : {
    "Max" : 1306,
    "Median" : 1084,
    "Dev" : 113.82891082763672,
    "Name" : "",
    "AreaCM2" : 0.086861791610717776,
    "LengthPIX" : 33.920452117919922,
    "Mean" : 1077.1688232421875,
    "LengthCM" : 1.2720170021057129,
    "AreaPIX2" : 61.768383026123047,
    "Total" : 82942,
    "Min" : 663,
    "Type" : "Pencil"
  },
  "Name" : "Unnamed",
  "ROI3DPoints" : [
    "[-39.296391,-33.517216,33.139324]",
    "[-39.296391,-33.669888,32.632599]",
    "[-39.296391,-33.173206,32.286819]",
    "[-39.296391,-32.659225,32.051743]",
    "[-39.296391,-32.151588,31.938078]",
    "[-39.296391,-31.631298,31.922680]",
    "[-39.296391,-31.087566,31.846254]",
    "[-39.296391,-30.533495,32.082752]",
    "[-39.296391,-29.981472,32.337799]",
    "[-39.296391,-29.446169,32.569256]",
    "[-39.296391,-28.959921,33.018330]",
    "[-39.296391,-28.740698,33.557487]",
    "[-39.296391,-28.681973,34.074306]",
    "[-39.296391,-29.218529,34.555916]",
    "[-39.296391,-29.702042,34.444725]",
    "[-39.296391,-30.194510,34.076855]",
    "[-39.296391,-30.692865,33.889343]",
    "[-39.296391,-31.186546,33.893448]",
    "[-39.296391,-31.675312,33.882179]",
    "[-39.296391,-32.160633,33.829716]",
    "[-39.296391,-32.652180,33.821648]",
    "[-39.296391,-33.167217,33.700314]",
    "[-39.296391,-33.652817,33.517899]"
  ],
  "Slice" : 59,
  "DataValues" : [
    1218,
    1254,
    1306,
    1198,
    1228,
    1258,
    1226,
    1207,
    1157,
    1141,
    1129,
    1124,
    1125,
    1134,
    1152,
    1150,
    1177,
    1210,
    1213,
    1205,
    1208,
    1058,
    1014,
    1020,
    1028,
    1039,
    1053,
    1095,
    1104,
    1120,
    1146,
    1173,
    1162,
    1136,
    1083,
    947,
    861,
    895,
    867,
    958,
    960,
    1051,
    1053,
    1028,
    1037,
    1091,
    1101,
    1050,
    1084,
    1035,
    981,
    1004,
    1029,
    1020,
    1040,
    1092,
    1169,
    1177,
    1115,
    1035,
    1057,
    1075,
    1083,
    1108,
    1076,
    1083,
    761,
    663,
    769,
    955,
    1059,
    1053,
    1086,
    1088,
    1105,
    1082,
    908
  ],
  "ROIPoints" : [
    "[172.854412,115.828228]",
    "[172.447300,117.179493]",
    "[173.771778,118.101574]",
    "[175.142398,118.728443]",
    "[176.496093,119.031551]",
    "[177.883537,119.072612]",
    "[179.333480,119.276416]",
    "[180.811010,118.645755]",
    "[182.283060,117.965625]",
    "[183.710542,117.348415]",
    "[185.007207,116.150882]",
    "[185.591793,114.713131]",
    "[185.748396,113.334942]",
    "[184.317579,112.050655]",
    "[183.028215,112.347164]",
    "[181.714971,113.328144]",
    "[180.386016,113.828182]",
    "[179.069542,113.817234]",
    "[177.766166,113.847286]",
    "[176.471965,113.987186]",
    "[175.161186,114.008701]",
    "[173.787746,114.332256]",
    "[172.492820,114.818699]"
  ]
}