{
  "DataSummary" : {
    "Max" : 1345,
    "Median" : 847,
    "Dev" : 129.53132629394531,
    "Name" : "",
    "AreaCM2" : 0.85578948974609381,
    "LengthPIX" : 160.00483703613281,
    "Mean" : 836.80535888671875,
    "LengthCM" : 6.0001769065856934,
    "AreaPIX2" : 608.5614013671875,
    "Total" : 563170,
    "Min" : 485,
    "Type" : "Pencil"
  },
  "Name" : "Unnamed",
  "ROI3DPoints" : [
    "[-39.296391,-5.836298,10.989511]",
    "[-39.296391,-6.225752,10.255642]",
    "[-39.296391,-6.835831,9.522070]",
    "[-39.296391,-7.221754,8.786226]",
    "[-39.296391,-7.709999,8.124105]",
    "[-39.296391,-7.924587,7.249519]",
    "[-39.296391,-7.521435,6.319349]",
    "[-39.296391,-6.529106,5.849289]",
    "[-39.296391,-5.573622,6.054996]",
    "[-39.296391,-5.254440,6.143837]",
    "[-39.296391,-4.968761,6.202299]",
    "[-39.296391,-4.639217,6.283375]",
    "[-39.296391,-3.901274,6.518070]",
    "[-39.296391,-2.797354,6.903193]",
    "[-39.296391,-2.086447,7.436750]",
    "[-39.296391,-1.533937,8.178596]",
    "[-39.296391,-1.389364,8.878569]",
    "[-39.296391,-1.505476,9.579187]",
    "[-39.296391,-2.262949,10.212326]",
    "[-39.296391,-2.975533,10.183155]",
    "[-39.296391,-3.685301,10.513809]",
    "[-39.296391,-3.205187,10.517185]",
    "[-39.296391,-2.725073,10.520561]",
    "[-39.296391,-1.661425,10.909958]",
    "[-39.296391,-0.597776,11.299355]",
    "[-39.296391,0.954168,12.017729]",
    "[-39.296391,0.816347,12.874279]",
    "[-39.296391,-0.653990,13.263184]",
    "[-39.296391,-1.661596,13.670233]",
    "[-39.296391,-1.850561,14.413635]",
    "[-39.296391,-1.973642,15.146338]",
    "[-39.296391,-2.684286,15.605509]",
    "[-39.296391,-3.819981,14.024759]",
    "[-39.296391,-4.521709,13.675257]",
    "[-39.296391,-4.704283,14.416079]",
    "[-39.296391,-4.122231,15.129057]",
    "[-39.296391,-3.639874,15.852695]",
    "[-39.296391,-3.110498,16.582359]",
    "[-39.296391,-2.830135,17.316303]",
    "[-39.296391,-2.453545,18.058075]",
    "[-39.296391,-2.526140,18.778315]",
    "[-39.296391,-2.952112,19.478327]",
    "[-39.296391,-3.479679,20.184376]",
    "[-39.296391,-4.232071,21.252716]",
    "[-39.296391,-4.645094,22.056046]",
    "[-39.296391,-5.534409,23.214869]",
    "[-39.296391,-6.219904,23.581772]",
    "[-39.296391,-7.375671,23.000790]",
    "[-39.296391,-7.510998,21.474977]",
    "[-39.296391,-7.527924,20.710484]",
    "[-39.296391,-7.639750,19.963442]",
    "[-39.296391,-7.784901,19.254503]",
    "[-39.296391,-7.959549,18.531883]",
    "[-39.296391,-8.062162,17.827076]",
    "[-39.296391,-7.974621,17.062805]",
    "[-39.296391,-7.437538,16.821775]",
    "[-39.296391,-6.575094,16.000874]",
    "[-39.296391,-6.745033,15.258558]",
    "[-39.296391,-6.926451,14.522497]",
    "[-39.296391,-7.123781,14.113771]",
    "[-39.296391,-7.321112,13.705046]",
    "[-39.296391,-7.655062,13.339722]",
    "[-39.296391,-7.937696,12.930624]",
    "[-39.296391,-8.200470,12.488928]",
    "[-39.296391,-8.729948,11.526457]",
    "[-39.296391,-8.573982,11.131933]",
    "[-39.296391,-7.783401,10.746565]",
    "[-39.296391,-6.993382,11.225100]",
    "[-39.296391,-6.454153,11.294182]"
  ],
  "Slice" : 59,
  "DataValues" : [
    1049,
    1058,
    1158,
    1037,
    996,
    1023,
    1039,
    1023,
    946,
    917,
    943,
    994,
    1018,
    1189,
    1015,
    947,
    865,
    922,
    951,
    1013,
    1047,
    1247,
    988,
    928,
    913,
    900,
    912,
    975,
    997,
    1080,
    948,
    899,
    867,
    920,
    896,
    913,
    977,
    1009,
    1146,
    931,
    917,
    906,
    916,
    915,
    884,
    944,
    948,
    1027,
    927,
    929,
    914,
    907,
    902,
    894,
    907,
    934,
    962,
    1090,
    938,
    917,
    889,
    890,
    881,
    892,
    882,
    888,
    959,
    1004,
    1099,
    941,
    911,
    898,
    889,
    889,
    880,
    893,
    877,
    900,
    941,
    1016,
    956,
    920,
    892,
    876,
    890,
    867,
    870,
    867,
    884,
    924,
    993,
    1123,
    952,
    937,
    894,
    878,
    862,
    862,
    831,
    854,
    851,
    874,
    946,
    1022,
    1239,
    1031,
    968,
    917,
    893,
    884,
    849,
    835,
    839,
    847,
    853,
    873,
    925,
    959,
    1038,
    1345,
    1047,
    932,
    920,
    884,
    852,
    846,
    860,
    809,
    847,
    854,
    866,
    893,
    945,
    983,
    1131,
    1059,
    959,
    917,
    880,
    844,
    801,
    790,
    783,
    826,
    849,
    861,
    853,
    886,
    904,
    805,
    1204,
    1077,
    983,
    935,
    884,
    877,
    767,
    711,
    754,
    792,
    816,
    838,
    881,
    885,
    989,
    1063,
    1099,
    1159,
    1003,
    964,
    895,
    901,
    810,
    705,
    667,
    751,
    792,
    830,
    855,
    879,
    959,
    1124,
    624,
    1004,
    967,
    980,
    860,
    831,
    707,
    664,
    742,
    778,
    815,
    840,
    822,
    932,
    1049,
    1002,
    1041,
    887,
    963,
    795,
    714,
    734,
    809,
    836,
    850,
    847,
    890,
    1093,
    905,
    901,
    796,
    662,
    768,
    814,
    839,
    880,
    864,
    922,
    890,
    839,
    766,
    694,
    785,
    799,
    874,
    916,
    917,
    962,
    893,
    837,
    655,
    701,
    809,
    841,
    861,
    950,
    951,
    886,
    843,
    764,
    610,
    746,
    834,
    877,
    916,
    941,
    854,
    812,
    862,
    974,
    835,
    789,
    666,
    608,
    782,
    859,
    875,
    948,
    875,
    823,
    829,
    796,
    921,
    817,
    728,
    581,
    595,
    754,
    855,
    880,
    830,
    757,
    757,
    778,
    880,
    852,
    800,
    663,
    583,
    583,
    687,
    819,
    828,
    779,
    764,
    737,
    729,
    759,
    819,
    829,
    733,
    605,
    544,
    511,
    650,
    793,
    803,
    778,
    744,
    696,
    678,
    689,
    728,
    814,
    886,
    799,
    663,
    669,
    626,
    569,
    557,
    650,
    736,
    760,
    715,
    634,
    613,
    670,
    718,
    762,
    879,
    886,
    868,
    766,
    761,
    802,
    769,
    749,
    607,
    529,
    569,
    602,
    576,
    534,
    560,
    661,
    693,
    768,
    891,
    977,
    878,
    867,
    807,
    868,
    869,
    886,
    837,
    722,
    529,
    492,
    502,
    569,
    650,
    693,
    698,
    687,
    763,
    799,
    839,
    736,
    984,
    869,
    794,
    852,
    912,
    882,
    864,
    850,
    894,
    894,
    879,
    799,
    766,
    599,
    540,
    568,
    691,
    720,
    702,
    690,
    724,
    746,
    814,
    877,
    853,
    958,
    1057,
    858,
    812,
    1076,
    1033,
    976,
    962,
    929,
    892,
    884,
    931,
    908,
    828,
    783,
    641,
    567,
    672,
    764,
    768,
    755,
    746,
    767,
    775,
    831,
    876,
    954,
    944,
    1011,
    1004,
    993,
    1116,
    1070,
    1004,
    944,
    926,
    917,
    956,
    985,
    961,
    860,
    791,
    666,
    595,
    737,
    793,
    790,
    778,
    788,
    823,
    873,
    923,
    908,
    896,
    897,
    903,
    900,
    912,
    960,
    875,
    920,
    898,
    936,
    949,
    919,
    830,
    781,
    613,
    599,
    769,
    789,
    804,
    866,
    861,
    873,
    898,
    960,
    930,
    932,
    914,
    852,
    818,
    981,
    1003,
    1011,
    831,
    755,
    576,
    630,
    754,
    814,
    921,
    976,
    1001,
    969,
    955,
    710,
    794,
    1048,
    846,
    800,
    712,
    526,
    664,
    749,
    789,
    873,
    928,
    945,
    1013,
    1027,
    848,
    823,
    772,
    640,
    551,
    641,
    750,
    791,
    766,
    885,
    803,
    788,
    689,
    573,
    510,
    598,
    716,
    750,
    775,
    783,
    794,
    831,
    859,
    851,
    823,
    736,
    618,
    590,
    517,
    485,
    568,
