{
  "DataSummary" : {
    "Max" : 1008,
    "Median" : 806,
    "Dev" : 66.752281188964844,
    "Name" : "",
    "AreaCM2" : 0.25976308822631838,
    "LengthPIX" : 57.580608367919922,
    "Mean" : 808.8585205078125,
    "LengthCM" : 2.1592719554901123,
    "AreaPIX2" : 184.72041320800781,
    "Total" : 165816,
    "Min" : 295,
    "Type" : "Pencil"
  },
  "Name" : "Unnamed",
  "ROI3DPoints" : [
    "[-39.296391,-36.290894,17.095661]",
    "[-39.296391,-35.625729,17.568949]",
    "[-39.296391,-35.044098,17.955250]",
    "[-39.296391,-34.412029,18.451763]",
    "[-39.296391,-34.070099,18.979553]",
    "[-39.296391,-33.728165,19.507338]",
    "[-39.296391,-33.073151,20.006672]",
    "[-39.296391,-32.518646,20.692110]",
    "[-39.296391,-31.634937,21.139076]",
    "[-39.296391,-31.084053,21.814541]",
    "[-39.296391,-31.295094,22.855021]",
    "[-39.296391,-32.230019,23.270493]",
    "[-39.296391,-32.987343,23.513548]",
    "[-39.296391,-33.730232,23.787039]",
    "[-39.296391,-34.277340,23.926210]",
    "[-39.296391,-34.824448,24.065388]",
    "[-39.296391,-35.628315,24.508617]",
    "[-39.296391,-36.401035,24.273876]",
    "[-39.296391,-36.482780,23.483828]",
    "[-39.296391,-36.523174,22.701115]",
    "[-39.296391,-36.525902,21.794027]",
    "[-39.296391,-36.548447,20.911322]",
    "[-39.296391,-36.632927,20.220442]",
    "[-39.296391,-37.265724,18.110603]",
    "[-39.296391,-36.885941,17.558907]"
  ],
  "Slice" : 59,
  "DataValues" : [
    868,
    860,
    901,
    881,
    811,
    791,
    821,
    809,
    838,
    794,
    766,
    765,
    747,
    778,
    815,
    829,
    807,
    773,
    746,
    740,
    771,
    790,
    834,
    841,
    868,
    914,
    784,
    730,
    729,
    755,
    777,
    810,
    810,
    811,
    820,
    926,
    909,
    875,
    965,
    1008,
    751,
    747,
    747,
    785,
    762,
    790,
    809,
    821,
    829,
    862,
    881,
    867,
    904,
    965,
    963,
    773,
    742,
    774,
    779,
    766,
    783,
    786,
    797,
    816,
    833,
    873,
    880,
    887,
    893,
    902,
    785,
    780,
    763,
    794,
    785,
    794,
    815,
    809,
    779,
    827,
    874,
    877,
    906,
    877,
    847,
    856,
    795,
    777,
    795,
    785,
    784,
    806,
    802,
    812,
    840,
    875,
    867,
    851,
    834,
    829,
    899,
    898,
    837,
    812,
    785,
    767,
    843,
    829,
    840,
    868,
    829,
    848,
    850,
    822,
    786,
    770,
    840,
    799,
    798,
    775,
    786,
    783,
    838,
    869,
    858,
    834,
    881,
    827,
    817,
    814,
    796,
    752,
    759,
    813,
    805,
    834,
    873,
    824,
    881,
    874,
    775,
    743,
    745,
    747,
    768,
    806,
    822,
    865,
    844,
    846,
    805,
    739,
    719,
    780,
    782,
    796,
    783,
    811,
    802,
    906,
    886,
    796,
    750,
    726,
    753,
    740,
    768,
    799,
    799,
    880,
    826,
    758,
    733,
    753,
    768,
    767,
    808,
    775,
    878,
    829,
    772,
    758,
    752,
    748,
    785,
    783,
    787,
    893,
    849,
    756,
    759,
    759,
    778,
    796,
    782,
    834,
    819,
    777,
    815,
    806,
    507,
    793,
    796,
    295,
    674
  ],
  "ROIPoints" : [
    "[165.457940,158.611326]",
    "[167.231717,157.349228]",
    "[168.782737,156.319091]",
    "[170.468253,154.995053]",
    "[171.380072,153.587623]",
    "[172.291891,152.180193]",
    "[174.038589,150.848630]",
    "[175.517277,149.020794]",
    "[177.873824,147.828882]",
    "[179.342843,146.027655]",
    "[178.780074,143.253033]",
    "[176.286941,142.145107]",
    "[174.267407,141.496969]",
    "[172.286375,140.767649]",
    "[170.827425,140.396523]",
    "[169.368474,140.025396]",
    "[167.224824,138.843451]",
    "[165.164224,139.469419]",
    "[164.946241,141.576215]",
    "[164.838531,143.663450]",
    "[164.831249,146.082347]",
    "[164.771128,148.436228]",
    "[164.545847,150.278582]",
    "[162.858398,155.904808]",
    "[163.871157,157.376012]"
  ]
}