{
  "DataSummary" : {
    "Max" : 864,
    "Median" : 574,
    "Dev" : 87.335533142089844,
    "Name" : "",
    "AreaCM2" : 0.86183815002441411,
    "LengthPIX" : 131.63984680175781,
    "Mean" : 573.8055419921875,
    "LengthCM" : 4.936488151550293,
    "AreaPIX2" : 612.8626708984375,
    "Total" : 374695,
    "Min" : 314,
    "Type" : "Pencil"
  },
  "Name" : "Unnamed",
  "ROI3DPoints" : [
    "[-39.296391,-29.023802,4.430828]",
    "[-39.296391,-28.394915,4.299822]",
    "[-39.296391,-26.348499,3.608307]",
    "[-39.296391,-26.196568,3.227070]",
    "[-39.296391,-25.972549,1.556307]",
    "[-39.296391,-27.138348,-0.949211]",
    "[-39.296391,-27.350086,-1.285753]",
    "[-39.296391,-27.530851,-1.753862]",
    "[-39.296391,-27.644440,-2.752079]",
    "[-39.296391,-27.775715,-3.602381]",
    "[-39.296391,-27.307114,-3.820471]",
    "[-39.296391,-26.481171,-3.356207]",
    "[-39.296391,-26.087242,-3.400421]",
    "[-39.296391,-25.245403,-3.180746]",
    "[-39.296391,-24.438955,-2.764204]",
    "[-39.296391,-24.066639,-2.474251]",
    "[-39.296391,-23.292274,-2.055569]",
    "[-39.296391,-22.535997,-1.848848]",
    "[-39.296391,-21.785992,-2.313038]",
    "[-39.296391,-21.349468,-3.069744]",
    "[-39.296391,-21.236492,-3.823040]",
    "[-39.296391,-21.120930,-4.651638]",
    "[-39.296391,-21.028273,-5.461765]",
    "[-39.296391,-20.959007,-6.265718]",
    "[-39.296391,-21.793962,-6.765402]",
    "[-39.296391,-22.548872,-6.611164]",
    "[-39.296391,-23.335888,-6.663858]",
    "[-39.296391,-24.149363,-6.661077]",
    "[-39.296391,-24.962843,-6.658297]",
    "[-39.296391,-25.752663,-7.029795]",
    "[-39.296391,-26.386774,-7.589354]",
    "[-39.296391,-26.899406,-8.959251]",
    "[-39.296391,-28.309313,-9.931982]",
    "[-39.296391,-29.037226,-9.118124]",
    "[-39.296391,-29.278112,-8.303328]",
    "[-39.296391,-29.540194,-7.480148]",
    "[-39.296391,-29.787220,-6.720741]",
    "[-39.296391,-30.170414,-5.918968]",
    "[-39.296391,-30.443756,-5.157896]",
    "[-39.296391,-30.865082,-4.351076]",
    "[-39.296391,-31.020464,-3.447422]",
    "[-39.296391,-31.319813,-2.685869]",
    "[-39.296391,-31.490307,-1.985937]",
    "[-39.296391,-31.805872,-1.214857]",
    "[-39.296391,-32.187332,-0.422880]",
    "[-39.296391,-32.496536,0.379202]",
    "[-39.296391,-32.918011,1.183681]",
    "[-39.296391,-33.220791,1.883808]",
    "[-39.296391,-33.259102,2.716692]",
    "[-39.296391,-32.911514,3.341505]",
    "[-39.296391,-32.244553,3.719526]",
    "[-39.296391,-31.555092,4.014755]",
    "[-39.296391,-30.900621,4.340843]",
    "[-39.296391,-30.296528,4.632690]",
    "[-39.296391,-29.652689,4.561829]"
  ],
  "Slice" : 59,
  "DataValues" : [
    773,
    802,
    707,
    732,
    678,
    704,
    697,
    625,
    620,
    613,
    677,
    685,
    668,
    715,
    743,
    737,
    717,
    702,
    609,
    586,
    626,
    607,
    631,
    637,
    636,
    622,
    665,
    706,
    747,
    737,
    784,
    797,
    864,
    615,
    615,
    632,
    641,
    631,
    610,
    602,
    639,
    624,
    607,
    644,
    655,
    681,
    671,
    718,
    826,
    816,
    389,
    516,
    530,
    585,
    604,
    574,
    594,
    598,
    606,
    611,
    590,
    604,
    623,
    618,
    664,
    639,
    701,
    723,
    762,
    772,
    357,
    562,
    525,
    540,
    572,
    536,
    552,
    596,
    612,
    603,
    626,
    627,
    585,
    607,
    625,
    632,
    638,
    705,
    729,
    712,
    499,
    401,
    537,
    526,
    559,
    587,
    542,
    562,
    642,
    616,
    628,
    622,
    590,
    596,
    582,
    594,
    628,
    623,
    680,
    703,
    748,
    483,
    505,
    552,
    509,
    537,
    561,
    601,
    599,
    638,
    624,
    624,
    598,
    571,
    555,
    579,
    625,
    673,
    639,
    678,
    730,
    472,
    484,
    545,
    582,
    525,
    541,
    574,
    649,
    624,
    615,
    584,
    570,
    539,
    544,
    592,
    610,
    643,
    655,
    661,
    664,
    520,
    464,
    524,
    507,
    560,
    585,
    597,
    622,
    624,
    574,
    567,
    577,
    548,
    533,
    581,
    606,
    637,
    642,
    635,
    667,
    430,
    520,
    605,
    582,
    618,
    627,
    606,
    607,
    597,
    567,
    560,
    494,
    542,
    574,
    629,
    669,
    671,
    671,
    502,
    314,
    449,
    523,
    606,
    616,
    582,
    584,
    562,
    527,
    515,
    508,
    561,
    592,
    621,
    657,
    677,
    675,
    399,
    394,
    613,
    593,
    633,
    521,
    535,
    554,
    507,
    508,
    536,
    578,
    576,
    628,
    629,
    633,
    517,
    468,
    605,
    556,
    551,
    558,
    529,
    519,
    481,
    479,
    532,
    590,
    584,
    638,
    662,
    651,
    585,
    542,
    539,
    495,
    540,
    471,
    472,
    482,
    471,
    517,
    567,
    591,
    616,
    632,
    560,
    515,
    491,
    523,
    528,
    491,
    457,
    461,
    509,
    539,
    539,
    600,
    596,
    479,
    529,
    506,
    482,
    463,
    422,
    440,
    524,
    553,
    575,
    551,
    604,
    524,
    479,
    485,
    495,
    470,
    448,
    493,
    526,
    531,
    570,
    591,
    620,
    706,
    659,
    723,
    549,
    483,
    476,
    485,
    451,
    449,
    515,
    511,
    553,
    573,
    607,
    608,
    668,
    669,
    692,
    722,
    496,
    488,
    487,
    443,
    474,
    513,
    547,
    563,
    559,
    575,
    583,
    658,
    647,
    694,
    704,
    667,
    690,
    710,
    741,
    498,
    458,
    451,
    397,
    481,
    498,
    531,
    550,
    654,
    689,
    629,
    650,
    644,
    638,
    677,
    699,
    678,
    705,
    741,
    531,
    477,
    443,
    403,
    463,
    496,
    546,
    591,
    621,
    675,
    606,
    648,
    609,
    604,
    635,
    618,
    628,
    703,
    691,
    704,
    715,
    502,
    456,
    421,
    429,
    501,
    525,
    655,
    616,
    646,
    556,
    578,
    560,
    574,
    583,
    561,
    572,
    605,
    600,
    610,
    649,
    685,
    688,
    712,
    720,
    699,
    498,
    475,
    375,
    426,
    505,
    541,
    557,
    640,
    581,
    598,
    553,
    554,
    588,
    534,
    563,
    547,
    538,
    540,
    525,
    509,
    573,
    629,
    633,
    668,
    696,
    698,
    684,
    497,
    457,
    421,
    350,
    464,
    527,
    538,
    543,
    577,
    542,
    557,
    543,
    539,
    523,
    499,
    498,
    482,
    479,
    510,
    549,
    562,
    581,
    620,
    637,
    685,
    648,
    719,
    467,
    460,
    422,
    439,
    401,
    516,
    539,
    512,
    531,
    513,
    506,
    472,
    428,
    469,
    436,
    455,
    534,
    528,
    572,
    567,
    564,
    598,
    649,
    653,
    669,
    721,
    754,
    462,
    462,
    435,
    424,
    434,
    467,
    468,
    527,
    439,
    422,
    439,
    474,
    525,
    529,
    550,
    573,
    583,
    622,
    628,
    669,
    587,
    632,
    629,
    670,
    685,
    720,
    492,
    481,
    476,
    468,
    442,
    416,
    389,
    389,
    414,
    479,
    513,
    512,
    567,
    524,
    599,
    633,
    615,
    611,
    654,
    678,
    676,
    650,
    677,
    682,
    766,
    731,
    557,
    489,
    505,
    494,
    442,
    396,
    378,
    475,
    516,
    570,
    602,
    565,
    574,
    609,
    629,
    643,
    640,
    653,
    662,
    648,
    644,
    654,
    679,
    661,
    729,
    500,
    514,
    485,
    493,
    464,
    430,
    420,
    505,
    512,
    573,
    595,
    582,
    608,
    636,
    643,
    671,
    672,
    668,
    706,
    693,
    709,
    673,
    680,
    572,
    591,
    540,
    548,
    499,
    447,
    388,
    467,
    522,
    529,
    563,
    619,
    637,
    657,
    529,
    480,
    481,
