{
  "DataSummary" : {
    "Max" : 860,
    "Median" : 732,
    "Dev" : 84.435806274414062,
    "Name" : "",
    "AreaCM2" : 0.16808650970458985,
    "LengthPIX" : 44.423095703125,
    "Mean" : 712.19549560546875,
    "LengthCM" : 1.6658663749694824,
    "AreaPIX2" : 119.52819061279297,
    "Total" : 94722,
    "Min" : 439,
    "Type" : "Pencil"
  },
  "Name" : "Unnamed",
  "ROI3DPoints" : [
    "[-39.296391,-28.376055,12.775185]",
    "[-39.296391,-28.114563,13.313526]",
    "[-39.296391,-27.912580,14.055933]",
    "[-39.296391,-28.033018,14.470049]",
    "[-39.296391,-28.202551,15.424194]",
    "[-39.296391,-29.004827,16.139032]",
    "[-39.296391,-29.453550,16.457224]",
    "[-39.296391,-29.680109,16.663887]",
    "[-39.296391,-30.130732,17.080635]",
    "[-39.296391,-30.803793,17.514103]",
    "[-39.296391,-31.007435,17.653807]",
    "[-39.296391,-31.405088,17.959690]",
    "[-39.296391,-32.228313,17.868744]",
    "[-39.296391,-32.988289,17.189966]",
    "[-39.296391,-32.964020,16.393847]",
    "[-39.296391,-32.240932,15.582638]",
    "[-39.296391,-31.479046,14.851171]",
    "[-39.296391,-31.186672,14.242706]",
    "[-39.296391,-30.716074,13.258926]",
    "[-39.296391,-30.206566,12.490936]",
    "[-39.296391,-29.395071,12.163755]",
    "[-39.296391,-28.637547,12.236843]"
  ],
  "Slice" : 59,
  "DataValues" : [
    650,
    662,
    676,
    620,
    726,
    732,
    748,
    740,
    643,
    708,
    743,
    746,
    743,
    756,
    754,
    636,
    715,
    736,
    728,
    741,
    743,
    765,
    741,
    712,
    643,
    670,
    741,
    748,
    789,
    785,
    782,
    769,
    733,
    734,
    680,
    681,
    712,
    761,
    798,
    802,
    782,
    771,
    762,
    739,
    667,
    679,
    717,
    767,
    806,
    808,
    820,
    754,
    751,
    750,
    696,
    685,
    754,
    770,
    794,
    853,
    833,
    802,
    775,
    765,
    677,
    660,
    695,
    737,
    745,
    820,
    850,
    845,
    794,
    744,
    687,
    685,
    685,
    745,
    797,
    860,
    830,
    787,
    760,
    664,
    625,
    702,
    705,
    757,
    787,
    841,
    799,
    719,
    696,
    637,
    695,
    756,
    801,
    824,
    749,
    732,
    646,
    553,
    604,
    693,
    740,
    749,
    728,
    710,
    711,
    642,
    544,
    676,
    716,
    728,
    701,
    675,
    647,
    542,
    668,
    680,
    711,
    668,
    673,
    560,
    519,
    636,
    588,
    525,
    484,
    494,
    441,
    439,
    447
  ],
  "ROIPoints" : [
    "[186.564172,170.132602]",
    "[187.261483,168.697022]",
    "[187.800105,166.717268]",
    "[187.478944,165.612955]",
    "[187.026857,163.068566]",
    "[184.887444,161.162331]",
    "[183.690851,160.313829]",
    "[183.086700,159.762719]",
    "[181.885040,158.651390]",
    "[180.090214,157.495483]",
    "[179.547160,157.122946]",
    "[178.486759,156.307249]",
    "[176.291482,156.549776]",
    "[174.264886,158.359846]",
    "[174.329599,160.482836]",
    "[176.257844,162.646051]",
    "[178.289539,164.596632]",
    "[179.069200,166.219201]",
    "[180.324128,168.842623]",
    "[181.682815,170.890593]",
    "[183.846797,171.763071]",
    "[185.866861,171.568182]"
  ]
}