{
  "DataSummary" : {
    "Max" : 857,
    "Median" : 654,
    "Dev" : 59.537860870361328,
    "Name" : "",
    "AreaCM2" : 0.14435924530029298,
    "LengthPIX" : 37.473545074462891,
    "Mean" : 654.63116455078125,
    "LengthCM" : 1.4052586555480957,
    "AreaPIX2" : 102.65546417236328,
    "Total" : 79865,
    "Min" : 328,
    "Type" : "Pencil"
  },
  "Name" : "Unnamed",
  "ROI3DPoints" : [
    "[-39.296391,-18.970282,-12.775055]",
    "[-39.296391,-19.382830,-12.019865]",
    "[-39.296391,-20.238001,-12.082087]",
    "[-39.296391,-21.033342,-12.414606]",
    "[-39.296391,-21.813646,-12.811190]",
    "[-39.296391,-22.639812,-13.362211]",
    "[-39.296391,-23.093737,-14.442202]",
    "[-39.296391,-22.927717,-14.959909]",
    "[-39.296391,-22.146881,-15.767719]",
    "[-39.296391,-21.302885,-16.412205]",
    "[-39.296391,-20.044807,-16.709196]",
    "[-39.296391,-19.485649,-15.814274]",
    "[-39.296391,-18.822538,-14.613674]",
    "[-39.296391,-18.870878,-13.859474]"
  ],
  "Slice" : 59,
  "DataValues" : [
    670,
    688,
    700,
    693,
    620,
    667,
    680,
    693,
    678,
    685,
    742,
    677,
    723,
    694,
    667,
    663,
    651,
    662,
    625,
    658,
    629,
    653,
    641,
    598,
    619,
    626,
    666,
    666,
    759,
    621,
    637,
    652,
    655,
    636,
    625,
    642,
    598,
    613,
    630,
    674,
    791,
    670,
    646,
    658,
    619,
    624,
    633,
    620,
    618,
    672,
    691,
    700,
    723,
    661,
    636,
    613,
    644,
    655,
    643,
    623,
    629,
    614,
    655,
    683,
    724,
    674,
    667,
    650,
    631,
    646,
    635,
    654,
    624,
    703,
    730,
    734,
    634,
    668,
    612,
    620,
    669,
    645,
    640,
    659,
    653,
    653,
    645,
    620,
    707,
    675,
    587,
    571,
    665,
    685,
    685,
    686,
    712,
    655,
    711,
    651,
    606,
    606,
    653,
    644,
    631,
    601,
    649,
    691,
    636,
    668,
    717,
    665,
    485,
    590,
    722,
    520,
    328,
    467,
    667,
    798,
    857,
    787
  ],
  "ROIPoints" : [
    "[211.646246,238.266575]",
    "[210.546106,236.252731]",
    "[208.265653,236.418648]",
    "[206.144746,237.305380]",
    "[204.063929,238.362934]",
    "[201.860818,239.832317]",
    "[200.650361,242.712299]",
    "[201.093076,244.092855]",
    "[203.175313,246.247011]",
    "[205.425957,247.965639]",
    "[208.780833,248.757621]",
    "[210.271923,246.371160]",
    "[212.040225,243.169558]",
    "[211.911310,241.158358]"
  ]
}