{
  "DataSummary" : {
    "Max" : 855,
    "Median" : 723,
    "Dev" : 60.580894470214844,
    "Name" : "",
    "AreaCM2" : 0.20722980499267579,
    "LengthPIX" : 50.591999053955078,
    "Mean" : 722,
    "LengthCM" : 1.8972004652023315,
    "AreaPIX2" : 147.36341857910156,
    "Total" : 127072,
    "Min" : 403,
    "Type" : "Pencil"
  },
  "Name" : "Unnamed",
  "ROI3DPoints" : [
    "[-39.296391,-34.751656,14.929626]",
    "[-39.296391,-34.218475,14.072001]",
    "[-39.296391,-33.899918,13.269329]",
    "[-39.296391,-33.655766,12.469004]",
    "[-39.296391,-33.550976,11.660456]",
    "[-39.296391,-33.649597,10.893816]",
    "[-39.296391,-33.815414,10.090332]",
    "[-39.296391,-33.871353,9.320997]",
    "[-39.296391,-34.490772,8.548510]",
    "[-39.296391,-35.268780,8.643742]",
    "[-39.296391,-35.967533,9.422003]",
    "[-39.296391,-36.359550,10.200258]",
    "[-39.296391,-36.708916,10.919462]",
    "[-39.296391,-36.772644,11.820518]",
    "[-39.296391,-36.928425,12.583857]",
    "[-39.296391,-37.092815,13.359766]",
    "[-39.296391,-37.341885,14.124008]",
    "[-39.296391,-37.596222,14.879181]",
    "[-39.296391,-37.459156,15.645741]",
    "[-39.296391,-36.860123,16.397497]",
    "[-39.296391,-36.082565,16.179012]"
  ],
  "Slice" : 59,
  "DataValues" : [
    684,
    800,
    773,
    734,
    750,
    767,
    814,
    828,
    771,
    742,
    756,
    755,
    838,
    813,
    788,
    750,
    744,
    730,
    704,
    744,
    816,
    841,
    802,
    780,
    719,
    717,
    699,
    728,
    735,
    835,
    840,
    789,
    744,
    734,
    704,
    678,
    723,
    764,
    813,
    818,
    779,
    748,
    728,
    726,
    695,
    710,
    760,
    748,
    843,
    802,
    764,
    675,
    662,
    645,
    674,
    733,
    753,
    791,
    791,
    759,
    716,
    721,
    683,
    678,
    694,
    766,
    739,
    793,
    801,
    772,
    699,
    694,
    689,
    680,
    712,
    754,
    741,
    782,
    754,
    729,
    678,
    665,
    673,
    697,
    735,
    794,
    788,
    792,
    709,
    685,
    661,
    671,
    694,
    733,
    747,
    775,
    766,
    791,
    717,
    676,
    655,
    648,
    683,
    746,
    773,
    828,
    760,
    779,
    694,
    657,
    677,
    622,
    695,
    728,
    750,
    708,
    747,
    742,
    713,
    684,
    669,
    655,
    717,
    726,
    738,
    644,
    711,
    737,
    736,
    690,
    694,
    702,
    660,
    701,
    677,
    725,
    729,
    673,
    686,
    676,
    693,
    686,
    622,
    706,
    692,
    690,
    682,
    658,
    691,
    655,
    631,
    690,
    646,
    665,
    677,
    703,
    650,
    713,
    701,
    667,
    694,
    673,
    746,
    679,
    733,
    686,
    614,
    627,
    403,
    456,
    773,
    796,
    855,
    733,
    752,
    705
  ],
  "ROIPoints" : [
    "[169.562574,164.387426]",
    "[170.984392,166.674418]",
    "[171.833879,168.814886]",
    "[172.484949,170.949087]",
    "[172.764387,173.105207]",
    "[172.501398,175.149576]",
    "[172.059213,177.292208]",
    "[171.910055,179.343763]",
    "[170.258264,181.403725]",
    "[168.183584,181.149780]",
    "[166.320234,179.074419]",
    "[165.274858,176.999067]",
    "[164.343210,175.081186]",
    "[164.173280,172.678370]",
    "[163.757852,170.642809]",
    "[163.319494,168.573709]",
    "[162.655305,166.535742]",
    "[161.977064,164.521936]",
    "[162.342580,162.477785]",
    "[163.940000,160.473097]",
    "[166.013486,161.055719]"
  ]
}