{
  "DataSummary" : {
    "Max" : 981,
    "Median" : 856,
    "Dev" : 58.563140869140625,
    "Name" : "",
    "AreaCM2" : 0.030739333629608154,
    "LengthPIX" : 49.674827575683594,
    "Mean" : 856.0625,
    "LengthCM" : 1.8628054857254028,
    "AreaPIX2" : 21.859081268310547,
    "Total" : 41091,
    "Min" : 760,
    "Type" : "Pencil"
  },
  "Name" : "Unnamed",
  "ROI3DPoints" : [
    "[-39.296391,-25.331200,11.289169]",
    "[-39.296391,-24.758234,10.489794]",
    "[-39.296391,-23.982405,10.058020]",
    "[-39.296391,-23.225893,9.850258]",
    "[-39.296391,-22.493763,9.028795]",
    "[-39.296391,-21.837690,8.253229]",
    "[-39.296391,-21.147972,7.485228]",
    "[-39.296391,-20.382769,7.187389]",
    "[-39.296391,-19.567675,7.298225]",
    "[-39.296391,-18.796663,7.319969]",
    "[-39.296391,-19.590780,7.122982]",
    "[-39.296391,-20.341587,6.431295]",
    "[-39.296391,-20.570194,5.660833]",
    "[-39.296391,-21.006449,6.324184]",
    "[-39.296391,-21.519533,7.179356]",
    "[-39.296391,-22.099514,7.983870]",
    "[-39.296391,-22.690653,8.555965]",
    "[-39.296391,-23.132275,9.357378]",
    "[-39.296391,-23.912710,9.869576]",
    "[-39.296391,-24.719622,10.269260]",
    "[-39.296391,-25.241987,11.070427]"
  ],
  "Slice" : 59,
  "DataValues" : [
    781,
    872,
    828,
    810,
    840,
    761,
    779,
    786,
    816,
    760,
    821,
    885,
    827,
    896,
    889,
    870,
    949,
    949,
    871,
    936,
    928,
    977,
    815,
    917,
    981,
    813,
    908,
    888,
    799,
    895,
    885,
    844,
    929,
    891,
    856,
    861,
    785,
    884,
    949,
    848,
    856,
    845,
    832,
    792,
    839,
    773,
    804,
    771
  ],
  "ROIPoints" : [
    "[194.683795,174.095312]",
    "[196.211701,176.226976]",
    "[198.280572,177.378370]",
    "[200.297944,177.932402]",
    "[202.250293,180.122969]",
    "[203.999814,182.191139]",
    "[205.839060,184.239145]",
    "[207.879613,185.033381]",
    "[210.053192,184.737822]",
    "[212.109223,184.679838]",
    "[209.991579,185.205145]",
    "[207.989423,187.049635]",
    "[207.379814,189.104198]",
    "[206.216455,187.335272]",
    "[204.848237,185.054802]",
    "[203.301628,182.909433]",
    "[201.725250,181.383847]",
    "[200.547587,179.246752]",
    "[198.466433,177.880892]",
    "[196.314665,176.815065]",
    "[194.921694,174.678617]"
  ]
}