{
  "DataSummary" : {
    "Max" : 1050,
    "Median" : 754,
    "Dev" : 114.84152984619141,
    "Name" : "",
    "AreaCM2" : 0.18918581008911134,
    "LengthPIX" : 45.751731872558594,
    "Mean" : 794.2012939453125,
    "LengthCM" : 1.7156907320022583,
    "AreaPIX2" : 134.53213500976562,
    "Total" : 122307,
    "Min" : 658,
    "Type" : "Pencil"
  },
  "Name" : "Unnamed",
  "ROI3DPoints" : [
    "[-35.496391,11.443068,-9.869600]",
    "[-35.496391,11.863729,-8.972784]",
    "[-35.496391,11.710642,-8.122517]",
    "[-35.496391,11.447222,-7.293392]",
    "[-35.496391,10.972017,-6.966166]",
    "[-35.496391,10.598265,-6.500156]",
    "[-35.496391,9.696390,-6.231678]",
    "[-35.496391,8.867105,-6.346931]",
    "[-35.496391,8.363920,-7.141438]",
    "[-35.496391,8.044516,-7.957539]",
    "[-35.496391,7.727125,-8.786503]",
    "[-35.496391,7.713278,-9.623970]",
    "[-35.496391,7.798513,-10.421274]",
    "[-35.496391,8.149698,-11.227556]",
    "[-35.496391,9.014093,-11.524467]",
    "[-35.496391,9.835230,-12.033958]",
    "[-35.496391,10.683546,-11.937582]",
    "[-35.496391,11.367331,-11.095537]",
    "[-35.496391,11.666765,-10.270744]",
    "[-35.496391,11.644129,-9.405245]"
  ],
  "Slice" : 69,
  "DataValues" : [
    881,
    881,
    827,
    878,
    944,
    1035,
    810,
    753,
    772,
    813,
    856,
    946,
    742,
    775,
    778,
    755,
    766,
    786,
    889,
    1020,
    734,
    744,
    723,
    730,
    719,
    783,
    828,
    904,
    1018,
    1050,
    722,
    715,
    703,
    707,
    716,
    721,
    738,
    839,
    951,
    1026,
    746,
    705,
    675,
    661,
    699,
    673,
    710,
    754,
    803,
    913,
    984,
    728,
    671,
    687,
    675,
    691,
    677,
    698,
    724,
    786,
    916,
    1013,
    1020,
    754,
    714,
    688,
    678,
    676,
    672,
    695,
    712,
    774,
    904,
    1012,
    1020,
    745,
    711,
    694,
    666,
    674,
    673,
    692,
    709,
    781,
    890,
    1005,
    1005,
    1011,
    751,
    699,
    697,
    711,
    700,
    669,
    707,
    716,
    796,
    929,
    995,
    995,
    719,
    692,
    673,
    674,
    673,
    689,
    713,
    767,
    790,
    903,
    1011,
    1011,
    697,
    700,
    696,
    658,
    668,
    694,
    727,
    754,
    825,
    937,
    988,
    759,
    688,
    691,
    670,
    703,
    705,
    762,
    799,
    854,
    956,
    1004,
    732,
    744,
    708,
    728,
    709,
    741,
    910,
    969,
    995,
    790,
    789,
    785,
    816,
    955,
    992,
    770,
    806,
    816,
    854,
    941
  ],
  "ROIPoints" : [
    "[292.748493,230.518691]",
    "[293.870281,228.127175]",
    "[293.462032,225.859807]",
    "[292.759571,223.648809]",
    "[291.492375,222.776207]",
    "[290.495693,221.533511]",
    "[288.090702,220.817571]",
    "[285.879261,221.124915]",
    "[284.537441,223.243585]",
    "[283.685711,225.419866]",
    "[282.839313,227.630435]",
    "[282.802402,229.863677]",
    "[283.029705,231.989829]",
    "[283.966190,234.139911]",
    "[286.271244,234.931678]",
    "[288.460934,236.290317]",
    "[290.723102,236.033317]",
    "[292.546535,233.787852]",
    "[293.345028,231.588405]",
    "[293.284679,229.280408]"
  ]
}