{
  "DataSummary" : {
    "Max" : 1224,
    "Median" : 790,
    "Dev" : 120.88671875,
    "Name" : "",
    "AreaCM2" : 0.16634164810180666,
    "LengthPIX" : 42.878349304199219,
    "Mean" : 826.12408447265625,
    "LengthCM" : 1.6079369783401489,
    "AreaPIX2" : 118.28739929199219,
    "Total" : 113179,
    "Min" : 618,
    "Type" : "Pencil"
  },
  "Name" : "Unnamed",
  "ROI3DPoints" : [
    "[-35.496391,9.020742,1.188156]",
    "[-35.496391,8.786745,1.995892]",
    "[-35.496391,8.754095,2.839750]",
    "[-35.496391,8.618265,3.753452]",
    "[-35.496391,8.208052,4.624880]",
    "[-35.496391,7.387556,5.144579]",
    "[-35.496391,6.636583,4.280899]",
    "[-35.496391,6.301077,3.450567]",
    "[-35.496391,5.500723,2.938747]",
    "[-35.496391,4.924582,2.074518]",
    "[-35.496391,4.856089,1.212166]",
    "[-35.496391,5.672293,0.461954]",
    "[-35.496391,6.546736,-0.089657]",
    "[-35.496391,7.415377,-0.850872]",
    "[-35.496391,8.244112,-0.825037]",
    "[-35.496391,8.915789,-0.017960]",
    "[-35.496391,9.101835,0.821602]"
  ],
  "Slice" : 69,
  "DataValues" : [
    1012,
    823,
    869,
    786,
    766,
    825,
    972,
    1188,
    775,
    771,
    819,
    900,
    1096,
    1224,
    800,
    761,
    790,
    800,
    852,
    1035,
    1199,
    788,
    802,
    745,
    737,
    790,
    817,
    932,
    1174,
    805,
    800,
    790,
    721,
    728,
    759,
    811,
    886,
    1107,
    730,
    737,
    787,
    780,
    745,
    716,
    744,
    778,
    836,
    1040,
    1167,
    769,
    683,
    729,
    784,
    764,
    713,
    718,
    700,
    743,
    801,
    951,
    1141,
    766,
    688,
    618,
    736,
    748,
    736,
    702,
    693,
    738,
    781,
    903,
    1122,
    751,
    784,
    659,
    686,
    749,
    716,
    728,
    726,
    732,
    770,
    869,
    1064,
    762,
    820,
    799,
    733,
    772,
    753,
    734,
    727,
    764,
    800,
    851,
    1024,
    865,
    904,
    870,
    819,
    798,
    751,
    744,
    791,
    824,
    885,
    1032,
    848,
    852,
    857,
    795,
    748,
    788,
    843,
    812,
    984,
    890,
    881,
    831,
    848,
    910,
    891,
    962,
    934,
    867,
    792,
    781,
    828,
    937,
    810,
    733,
    706,
    786,
    747,
    726,
    694
  ],
  "ROIPoints" : [
    "[286.288967,201.031347]",
    "[285.664990,198.877376]",
    "[285.577912,196.627093]",
    "[285.215694,194.190557]",
    "[284.121799,191.866751]",
    "[281.933796,190.480885]",
    "[279.931202,192.784028]",
    "[279.036541,194.998242]",
    "[276.902241,196.363092]",
    "[275.365879,198.667704]",
    "[275.183231,200.967317]",
    "[277.359775,202.967886]",
    "[279.691616,204.438839]",
    "[282.007984,206.468752]",
    "[284.217945,206.399861]",
    "[286.009106,204.247656]",
    "[286.505230,202.008822]"
  ]
}