{
  "DataSummary" : {
    "Max" : 1279,
    "Median" : 994,
    "Dev" : 67.391494750976562,
    "Name" : "",
    "AreaCM2" : 0.69708656311035155,
    "LengthPIX" : 107.33561706542969,
    "Mean" : 995.233154296875,
    "LengthCM" : 4.0250883102416992,
    "AreaPIX2" : 495.70599365234375,
    "Total" : 546383,
    "Min" : 756,
    "Type" : "Pencil"
  },
  "Name" : "Unnamed",
  "ROI3DPoints" : [
    "[-35.496391,-22.288250,34.029289]",
    "[-35.496391,-21.530817,34.992584]",
    "[-35.496391,-20.616051,35.425587]",
    "[-35.496391,-19.783539,35.763966]",
    "[-35.496391,-18.992449,36.618332]",
    "[-35.496391,-18.679024,37.051208]",
    "[-35.496391,-18.951914,37.802376]",
    "[-35.496391,-19.621828,38.431038]",
    "[-35.496391,-20.328718,38.960529]",
    "[-35.496391,-20.922644,39.562672]",
    "[-35.496391,-21.644302,40.018650]",
    "[-35.496391,-22.611998,40.468548]",
    "[-35.496391,-23.355801,40.479134]",
    "[-35.496391,-24.965052,40.281963]",
    "[-35.496391,-26.286861,39.405933]",
    "[-35.496391,-26.519285,38.599987]",
    "[-35.496391,-26.697802,37.721443]",
    "[-35.496391,-26.869268,36.916702]",
    "[-35.496391,-27.129313,36.035740]",
    "[-35.496391,-27.341211,35.194981]",
    "[-35.496391,-27.454170,34.266418]",
    "[-35.496391,-27.459818,33.435902]",
    "[-35.496391,-27.357096,32.635029]",
    "[-35.496391,-26.921946,31.795296]",
    "[-35.496391,-26.603085,30.998775]",
    "[-35.496391,-25.808796,30.552444]",
    "[-35.496391,-24.969412,30.956871]",
    "[-35.496391,-24.162191,31.619839]",
    "[-35.496391,-23.358335,31.036873]",
    "[-35.496391,-23.260460,30.197786]",
    "[-35.496391,-22.402342,29.839449]",
    "[-35.496391,-21.582052,30.181070]",
    "[-35.496391,-20.740248,30.911169]",
    "[-35.496391,-19.921738,31.596115]",
    "[-35.496391,-19.392546,32.399261]",
    "[-35.496391,-19.226509,33.196575]",
    "[-35.496391,-18.862055,34.043129]",
    "[-35.496391,-18.397636,34.908981]",
    "[-35.496391,-18.711016,35.427170]",
    "[-35.496391,-19.259668,35.495544]",
    "[-35.496391,-20.098457,34.934849]",
    "[-35.496391,-20.587704,34.719925]",
    "[-35.496391,-21.076956,34.505005]",
    "[-35.496391,-21.682606,34.267147]"
  ],
  "Slice" : 69,
  "DataValues" : [
    1123,
    1107,
    1096,
    1088,
    1150,
    1231,
    1279,
    1135,
    1093,
    1083,
    1091,
    1053,
    1030,
    1009,
    998,
    1031,
    1055,
    973,
    1078,
    1061,
    1024,
    1004,
    1015,
    1032,
    1003,
    1011,
    985,
    973,
    1015,
    1084,
    888,
    1024,
    1072,
    1028,
    1026,
    1012,
    1015,
    1009,
    1013,
    976,
    1011,
    989,
    1015,
    1051,
    1124,
    1164,
    1104,
    1064,
    1030,
    1009,
    1016,
    1024,
    1009,
    1004,
    991,
    1007,
    959,
    954,
    954,
    994,
    1057,
    828,
    1039,
    928,
    1055,
    986,
    1027,
    995,
    1014,
    983,
    1006,
    956,
    987,
    988,
    991,
    978,
    1002,
    976,
    1068,
    1039,
    1077,
    1023,
    1014,
    983,
    991,
    998,
    1029,
    1025,
    1030,
    975,
    996,
    968,
    1013,
    1019,
    996,
    962,
    990,
    1080,
    1190,
    1054,
    1003,
    975,
    985,
    984,
    1009,
    960,
    971,
    1006,
    986,
    1005,
    960,
    983,
    1006,
    993,
    1011,
    976,
    991,
    994,
    1037,
    1121,
    1038,
    1049,
    1007,
    985,
    968,
    982,
    981,
    988,
    982,
    970,
    927,
    949,
    972,
    959,
    987,
    978,
    968,
    986,
    1009,
    1025,
    1036,
    1115,
    1030,
    967,
    968,
    946,
    975,
    968,
    952,
    987,
    994,
    975,
    984,
    970,
    977,
    992,
    967,
    983,
    980,
    972,
    1012,
    1013,
    1002,
    1045,
    1010,
    1035,
    1039,
    1007,
    988,
    961,
    923,
    944,
    969,
    964,
    944,
    935,
    904,
    898,
    926,
    966,
    964,
    984,
    961,
    1023,
    1021,
    1025,
    1061,
    1056,
    1035,
    984,
    979,
    992,
    956,
    914,
    927,
    949,
    921,
    878,
    840,
    901,
    948,
    983,
    986,
    990,
    998,
    1059,
    1037,
    1086,
    967,
    1009,
    1065,
    1024,
    1030,
    993,
    999,
    968,
    905,
    879,
    905,
    852,
    883,
    890,
    955,
    932,
    991,
    958,
    1008,
    976,
    1083,
    1024,
    1074,
    1053,
    1051,
    1028,
    968,
    965,
    970,
    935,
    871,
    840,
    845,
    876,
    945,
    952,
    957,
    955,
    994,
    1007,
    1055,
    1016,
    1053,
    1085,
    1143,
    1096,
    1224,
    1025,
    1076,
    1038,
    1019,
    1021,
    983,
    917,
    872,
    828,
    802,
    885,
    947,
    964,
    991,
    994,
    1025,
    1036,
    1051,
    1082,
    1094,
    1086,
    1048,
    1040,
    1080,
    1056,
    1003,
    995,
    983,
    974,
    916,
    850,
    798,
    798,
    901,
    934,
    948,
    976,
    1035,
    1109,
    1110,
    1031,
    1046,
    1044,
    1031,
    1063,
    1113,
    1042,
    1033,
    998,
    1000,
    999,
    957,
    883,
    819,
    772,
    802,
    872,
    930,
    939,
    1041,
    1140,
    1125,
    1100,
    1071,
    1055,
    1075,
    1055,
    1051,
    1028,
    1091,
    1003,
    1069,
    1008,
    1000,
    989,
    962,
    956,
    864,
    853,
    823,
    756,
    841,
    951,
    962,
    1039,
    1095,
    1044,
    1020,
    1030,
    1030,
    1004,
    1021,
    1061,
    1084,
    1116,
    1035,
    1027,
    1008,
    983,
    991,
    946,
    922,
    924,
    916,
    858,
    830,
    927,
    949,
    983,
    1004,
    975,
    950,
    1023,
    974,
    976,
    996,
    1029,
    1075,
    1115,
    1055,
    1005,
    982,
    976,
    976,
    964,
    939,
    962,
    951,
    932,
    853,
    870,
    957,
    970,
    972,
    967,
    974,
    976,
    988,
    973,
    1014,
    1041,
    1043,
    1043,
    1000,
    992,
    1008,
    1011,
    948,
    971,
    974,
    964,
    971,
    915,
    829,
    873,
    927,
    967,
    973,
    958,
    953,
    974,
    969,
    971,
    1030,
    1053,
    1085,
    1013,
    1016,
    993,
    985,
    998,
    981,
    1000,
    983,
    943,
    973,
    912,
    776,
    853,
    919,
    901,
    883,
    944,
    947,
    984,
    998,
    1047,
    1070,
    1013,
    1035,
    1033,
    1003,
    997,
    981,
    1020,
    1045,
    1004,
    989,
    982,
    846,
    796,
    847,
    874,
    940,
    936,
    953,
    941,
    991,
    1047,
    1097,
    1030,
    997,
    1016,
    983,
    982,
    983,
    1047,
    1091,
    1018,
    980,
    968,
    955,
    936,
    921,
    968,
    952,
    964,
    991,
    1001,
    1025,
    1063,
    1033,
    1017,
    1025,
    1023,
    1032,
    1025,
    1077,
    991,
    977,
    962,
    945,
    949,
    951,
    990,
    980,
    989,
    964,
    1070,
    1035,
    1005,
    957,
    1008,
    1006,
    1081,
    1074,
    983,
    975,
    995,
    978,
    986,
    1013,
    991,
    990,
    1033,
    1025,
    986,
    1054,
    1069,
    1071,
    988,
    970,
    1010,
    1023,
    1006,
    1002,
    1070,
    1117,
    1030,
    1030,
    1028,
    1075,
    1043,
    1015,
    1053,
    1121,
    1092,
    1005,
    1053,
    1058,
    1088,
    1064,
    1103,
    1109
  ],