{
  "DataSummary" : {
    "Max" : 1265,
    "Median" : 861,
    "Dev" : 109.42156982421875,
    "Name" : "",
    "AreaCM2" : 0.15272551536560058,
    "LengthPIX" : 40.184551239013672,
    "Mean" : 892.5040283203125,
    "LengthCM" : 1.506920337677002,
    "AreaPIX2" : 108.60481262207031,
    "Total" : 111563,
    "Min" : 741,
    "Type" : "Pencil"
  },
  "Name" : "Unnamed",
  "ROI3DPoints" : [
    "[-35.496391,6.119333,10.242601]",
    "[-35.496391,5.767141,11.112925]",
    "[-35.496391,5.130564,11.980324]",
    "[-35.496391,4.230097,12.392214]",
    "[-35.496391,3.536356,11.509777]",
    "[-35.496391,3.289186,10.671200]",
    "[-35.496391,3.066507,9.862165]",
    "[-35.496391,2.992430,8.989902]",
    "[-35.496391,2.959436,8.169149]",
    "[-35.496391,3.452505,7.361872]",
    "[-35.496391,4.319990,7.195532]",
    "[-35.496391,5.162207,6.986958]",
    "[-35.496391,5.965170,6.681103]",
    "[-35.496391,6.478952,7.466253]",
    "[-35.496391,6.629408,8.298880]",
    "[-35.496391,6.604025,8.689381]",
    "[-35.496391,6.578630,9.079882]",
    "[-35.496391,6.348982,9.661242]"
  ],
  "Slice" : 69,
  "DataValues" : [
    893,
    916,
    965,
    869,
    828,
    861,
    875,
    808,
    789,
    824,
    843,
    949,
    843,
    797,
    763,
    814,
    844,
    873,
    1060,
    836,
    815,
    741,
    781,
    835,
    855,
    943,
    1209,
    835,
    799,
    780,
    765,
    792,
    836,
    860,
    1100,
    832,
    813,
    785,
    784,
    781,
    831,
    849,
    1009,
    890,
    814,
    806,
    810,
    793,
    780,
    836,
    829,
    954,
    1206,
    927,
    866,
    826,
    807,
    833,
    801,
    803,
    850,
    951,
    1130,
    909,
    848,
    846,
    870,
    857,
    812,
    810,
    861,
    946,
    1090,
    1265,
    951,
    854,
    860,
    826,
    837,
    809,
    812,
    858,
    888,
    1038,
    1255,
    957,
    903,
    900,
    873,
    887,
    831,
    850,
    895,
    929,
    1054,
    1263,
    862,
    878,
    895,
    888,
    910,
    880,
    885,
    949,
    991,
    1019,
    1227,
    782,
    775,
    828,
    881,
    926,
    922,
    993,
    939,
    878,
    1155,
    919,
    973,
    946,
    920,
    825,
    888,
    889,
    904
  ],
  "ROIPoints" : [
    "[278.551884,176.886161]",
    "[277.612697,174.565286]",
    "[275.915157,172.252229]",
    "[273.513912,171.153855]",
    "[271.663944,173.507012]",
    "[271.004818,175.743230]",
    "[270.411014,177.900657]",
    "[270.213482,180.226684]",
    "[270.125492,182.415357]",
    "[271.440334,184.568106]",
    "[273.753643,185.011678]",
    "[275.999538,185.567872]",
    "[278.140774,186.383478]",
    "[279.510876,184.289745]",
    "[279.912090,182.069408]",
    "[279.844378,181.028077]",
    "[279.776666,179.986745]",
    "[279.164275,178.436453]"
  ]
}