{
  "DataSummary" : {
    "Max" : 1127,
    "Median" : 838,
    "Dev" : 57.303680419921875,
    "Name" : "",
    "AreaCM2" : 0.2810470962524414,
    "LengthPIX" : 53.731830596923828,
    "Mean" : 852.83477783203125,
    "LengthCM" : 2.0149435997009277,
    "AreaPIX2" : 199.855712890625,
    "Total" : 196152,
    "Min" : 757,
    "Type" : "Pencil"
  },
  "Name" : "Unnamed",
  "ROI3DPoints" : [
    "[-31.696392,-40.284298,27.243326]",
    "[-31.696392,-40.160133,28.354170]",
    "[-31.696392,-40.198334,29.359940]",
    "[-31.696392,-39.717735,30.369303]",
    "[-31.696392,-40.764824,31.223589]",
    "[-31.696392,-42.440655,31.183935]",
    "[-31.696392,-44.118896,31.153080]",
    "[-31.696392,-44.897434,30.414930]",
    "[-31.696392,-45.062756,29.385582]",
    "[-31.696392,-45.262058,28.367210]",
    "[-31.696392,-45.306503,27.378778]",
    "[-31.696392,-45.343323,26.226061]",
    "[-31.696392,-44.849213,25.164312]",
    "[-31.696392,-43.773239,25.011505]",
    "[-31.696392,-42.805653,25.177719]",
    "[-31.696392,-41.808575,25.717783]",
    "[-31.696392,-40.773479,26.667877]",
    "[-31.696392,-40.313892,26.850393]"
  ],
  "Slice" : 79,
  "DataValues" : [
    934,
    958,
    970,
    972,
    897,
    952,
    936,
    930,
    920,
    892,
    891,
    927,
    887,
    927,
    891,
    881,
    860,
    857,
    859,
    847,
    829,
    863,
    861,
    863,
    876,
    930,
    865,
    837,
    830,
    803,
    838,
    851,
    807,
    828,
    835,
    817,
    844,
    862,
    847,
    905,
    914,
    820,
    827,
    807,
    798,
    821,
    828,
    832,
    810,
    815,
    822,
    808,
    850,
    881,
    916,
    906,
    797,
    825,
    801,
    786,
    797,
    792,
    809,
    776,
    804,
    814,
    818,
    863,
    862,
    916,
    832,
    828,
    810,
    790,
    785,
    820,
    824,
    801,
    786,
    795,
    790,
    829,
    841,
    835,
    853,
    825,
    784,
    757,
    807,
    825,
    800,
    801,
    791,
    779,
    798,
    828,
    838,
    863,
    837,
    822,
    804,
    786,
    810,
    810,
    830,
    787,
    801,
    796,
    807,
    825,
    859,
    855,
    929,
    857,
    807,
    804,
    799,
    818,
    826,
    824,
    828,
    806,
    795,
    840,
    867,
    896,
    863,
    982,
    891,
    816,
    795,
    796,
    796,
    827,
    822,
    813,
    785,
    815,
    837,
    872,
    871,
    920,
    1022,
    906,
    871,
    821,
    810,
    821,
    798,
    792,
    825,
    815,
    827,
    890,
    877,
    926,
    990,
    1120,
    951,
    865,
    874,
    819,
    836,
    826,
    813,
    848,
    852,
    854,
    887,
    901,
    904,
    910,
    1127,
    945,
    877,
    870,
    829,
    831,
    777,
    795,
    863,
    863,
    910,
    891,
    861,
    854,
    858,
    1113,
    1000,
    905,
    864,
    823,
    819,
    822,
    842,
    888,
    887,
    907,
    885,
    859,
    962,
    888,
    819,
    807,
    813,
    810,
    836,
    860,
    890,
    874,
    852,
    990,
    878,
    875,
    806,
    813,
    823,
    837,
    877,
    852,
    836,
    866,
    863,
    792,
    855,
    839,
    862,
    922,
    846,
    858
  ],
  "ROIPoints" : [
    "[154.808875,131.550885]",
    "[155.139964,128.588643]",
    "[155.038100,125.906583]",
    "[156.319705,123.214948]",
    "[153.527468,120.936849]",
    "[149.058574,121.042596]",
    "[144.583261,121.124881]",
    "[142.507178,123.093280]",
    "[142.066317,125.838207]",
    "[141.534838,128.553861]",
    "[141.416323,131.189687]",
    "[141.318133,134.263593]",
    "[142.635752,137.094926]",
    "[145.505023,137.502408]",
    "[148.085246,137.059167]",
    "[150.744120,135.619000]",
    "[153.504382,133.085416]",
    "[154.729956,132.598714]"
  ]
}