{
  "DataSummary" : {
    "Max" : 1329,
    "Median" : 994,
    "Dev" : 77.419319152832031,
    "Name" : "",
    "AreaCM2" : 0.5835158920288086,
    "LengthPIX" : 89.720130920410156,
    "Mean" : 1011.7431030273438,
    "LengthCM" : 3.3645069599151611,
    "AreaPIX2" : 414.94464111328125,
    "Total" : 441120,
    "Min" : 904,
    "Type" : "Pencil"
  },
  "Name" : "Unnamed",
  "ROI3DPoints" : [
    "[-31.696392,-1.205275,27.803371]",
    "[-31.696392,-1.863825,28.868378]",
    "[-31.696392,-2.649250,29.928701]",
    "[-31.696392,-3.555124,31.156811]",
    "[-31.696392,-4.343124,32.152702]",
    "[-31.696392,-5.326206,33.151588]",
    "[-31.696392,-6.419472,34.043552]",
    "[-31.696392,-7.503033,34.805347]",
    "[-31.696392,-8.468868,35.350243]",
    "[-31.696392,-9.428564,35.897739]",
    "[-31.696392,-10.532370,36.238529]",
    "[-31.696392,-11.488140,35.352787]",
    "[-31.696392,-11.826370,34.295490]",
    "[-31.696392,-11.927181,33.278824]",
    "[-31.696392,-11.821163,32.202797]",
    "[-31.696392,-11.299559,31.239414]",
    "[-31.696392,-10.281069,30.848381]",
    "[-31.696392,-9.270498,30.917091]",
    "[-31.696392,-8.305693,30.113512]",
    "[-31.696392,-7.867882,29.124060]",
    "[-31.696392,-6.859726,28.185198]",
    "[-31.696392,-6.174059,27.165152]",
    "[-31.696392,-5.801611,26.204838]",
    "[-31.696392,-4.763981,25.301081]",
    "[-31.696392,-3.787285,24.795137]",
    "[-31.696392,-2.783009,25.228216]",
    "[-31.696392,-1.766230,25.826719]",
    "[-31.696392,-1.227053,26.784704]"
  ],
  "Slice" : 79,
  "DataValues" : [
    1004,
    1005,
    965,
    1019,
    1094,
    1018,
    980,
    961,
    955,
    939,
    990,
    1016,
    982,
    983,
    957,
    975,
    935,
    931,
    1008,
    1082,
    1018,
    1024,
    1028,
    984,
    934,
    959,
    928,
    932,
    957,
    1035,
    1103,
    1034,
    1044,
    1000,
    972,
    973,
    931,
    937,
    948,
    951,
    944,
    960,
    1020,
    1104,
    1037,
    1026,
    988,
    1004,
    951,
    947,
    951,
    950,
    972,
    922,
    912,
    922,
    987,
    1093,
    1111,
    1037,
    1006,
    1004,
    992,
    949,
    947,
    947,
    932,
    938,
    930,
    935,
    930,
    916,
    929,
    1037,
    1133,
    1066,
    1016,
    989,
    978,
    961,
    938,
    934,
    954,
    974,
    926,
    922,
    934,
    930,
    958,
    952,
    1022,
    1128,
    1152,
    1116,
    1032,
    980,
    988,
    976,
    968,
    928,
    931,
    927,
    938,
    939,
    928,
    924,
    940,
    938,
    973,
    1034,
    1152,
    1134,
    1035,
    998,
    1009,
    994,
    1023,
    993,
    981,
    947,
    926,
    926,
    956,
    946,
    922,
    937,
    954,
    943,
    1007,
    1142,
    1110,
    1060,
    1007,
    992,
    995,
    995,
    995,
    987,
    982,
    964,
    946,
    962,
    921,
    925,
    945,
    927,
    952,
    968,
    995,
    1142,
    1111,
    1069,
    1048,
    1045,
    1071,
    1067,
    1060,
    1019,
    1005,
    984,
    967,
    952,
    936,
    951,
    938,
    936,
    927,
    951,
    971,
    1058,
    1132,
    1102,
    1086,
    1080,
    1073,
    1100,
    1070,
    1045,
    1034,
    1011,
    970,
    987,
    949,
    948,
    926,
    945,
    916,
    911,
    949,
    997,
    1073,
    1125,
    1124,
    1162,
    1235,
    1292,
    1246,
    1124,
    1079,
    1066,
    1044,
    1019,
    986,
    957,
    959,
    939,
    942,
    944,
    922,
    947,
    1012,
    1089,
    1151,
    1077,
    1052,
    1043,
    1004,
    971,
    955,
    936,
    931,
    936,
    937,
    922,
    943,
    1003,
    1073,
    1096,
    1050,
    1052,
    1021,
    1000,
    975,
    952,
    930,
    930,
    937,
    910,
    926,
    947,
    1021,
    1115,
    1146,
    1059,
    1039,
    1039,
    1031,
    999,
    973,
    953,
    943,
    945,
    919,
    909,
    937,
    957,
    1046,
    1235,
    1091,
    1062,
    1047,
    1047,
    998,
    954,
    942,
    948,
    928,
    934,
    907,
    928,
    942,
    1026,
    1136,
    1195,
    1069,
    1059,
    1043,
    1034,
    1023,
    962,
    956,
    935,
    921,
    918,
    917,
    941,
    990,
    1062,
    1203,
    1150,
    1070,
    1054,
    1052,
    1017,
    969,
    943,
    942,
    949,
    912,
    933,
    930,
    932,
    993,
    1066,
    1231,
    1157,
    1065,
    1048,
    1027,
    1022,
    1002,
    957,
    964,
    932,
    947,
    951,
    953,
    975,
    994,
    1108,
    1329,
    1194,
    1072,
    1026,
    1029,
    1018,
    981,
    967,
    941,
    950,
    904,
    950,
    944,
    991,
    1037,
    1160,
    1143,
    1048,
    1046,
    1068,
    1030,
    992,
    960,
    936,
    937,
    940,
    936,
    946,
    1003,
    1074,
    1229,
    1057,
    1041,
    1051,
    1069,
    1012,
    970,
    980,
    955,
    918,
    927,
    966,
    995,
    1078,
    1210,
    1074,
    1035,
    1044,
    1039,
    1029,
    975,
    988,
    963,
    949,
    952,
    964,
    966,
    1072,
    1186,
    1082,
    1034,
    1012,
    1051,
    1065,
    1034,
    1008,
    968,
    984,
    991,
    984,
    988,
    1097,
    1187,
    1075,
    1049,
    1052,
    1049,
    1030,
    987,
    977,
    963,
    965,
    1042,
    1104,
    1190,
    1287,
    1077,
    1074,
    1099,
    1105,
    1092,
    1038,
    1071,
    1057,
    1079,
    1120,
    1157,
    1172,
    1178,
    1160,
    1184,
    1165,
    1179,
    1170,
    1057,
    1036,
    1090,
    1106,
    1127,
    1128,
    1078,
    1042,
    1043,
    1039,
    1047,
    1034
  ],
  "ROIPoints" : [
    "[259.019601,130.057428]",
    "[257.263452,127.217416]",
    "[255.168992,124.389886]",
    "[252.753320,121.114930]",
    "[250.651986,118.459214]",
    "[248.030435,115.795526]",
    "[245.115073,113.416948]",
    "[242.225578,111.385499]",
    "[239.650014,109.932443]",
    "[237.090820,108.472451]",
    "[234.147332,107.563676]",
    "[231.598611,109.925660]",
    "[230.696672,112.745118]",
    "[230.427842,115.456224]",
    "[230.710561,118.325631]",
    "[232.101497,120.894655]",
    "[234.817477,121.937410]",
    "[237.512330,121.754182]",
    "[240.085141,123.897058]",
    "[241.252641,126.535600]",
    "[243.941058,129.039232]",
    "[245.769496,131.759355]",
    "[246.762689,134.320184]",
    "[249.529702,136.730207]",
    "[252.134226,138.079398]",
    "[254.812303,136.924508]",
    "[257.523717,135.328500]",
    "[258.961511,132.773881]"
  ]
}