{
  "DataSummary" : {
    "Max" : 1279,
    "Median" : 1041,
    "Dev" : 55.866634368896484,
    "Name" : "",
    "AreaCM2" : 0.41950889587402346,
    "LengthPIX" : 79.009284973144531,
    "Mean" : 1048.642822265625,
    "LengthCM" : 2.9628477096557617,
    "AreaPIX2" : 298.31744384765625,
    "Total" : 352344,
    "Min" : 844,
    "Type" : "Pencil"
  },
  "Name" : "Unnamed",
  "ROI3DPoints" : [
    "[-31.696392,-12.459246,37.167847]",
    "[-31.696392,-13.045521,38.218575]",
    "[-31.696392,-14.062918,39.105751]",
    "[-31.696392,-15.069111,39.153625]",
    "[-31.696392,-15.958632,38.063576]",
    "[-31.696392,-16.044010,37.048920]",
    "[-31.696392,-16.112400,36.060825]",
    "[-31.696392,-16.161953,35.087223]",
    "[-31.696392,-16.068329,34.104572]",
    "[-31.696392,-15.805555,33.098545]",
    "[-31.696392,-15.578236,32.110439]",
    "[-31.696392,-15.534044,31.072296]",
    "[-31.696392,-15.517399,30.029545]",
    "[-31.696392,-15.607355,29.042812]",
    "[-31.696392,-15.664942,27.983467]",
    "[-31.696392,-15.136826,27.028629]",
    "[-31.696392,-14.120693,26.653429]",
    "[-31.696392,-13.165392,27.147533]",
    "[-31.696392,-12.464293,28.150923]",
    "[-31.696392,-11.854534,29.209738]",
    "[-31.696392,-11.824871,30.258526]",
    "[-31.696392,-11.964483,31.429272]",
    "[-31.696392,-12.097527,32.414406]",
    "[-31.696392,-12.320887,33.417946]",
    "[-31.696392,-12.376516,34.416862]",
    "[-31.696392,-12.365141,35.371223]",
    "[-31.696392,-12.230776,36.339844]",
    "[-31.696392,-12.564852,37.328346]"
  ],
  "Slice" : 79,
  "DataValues" : [
    1042,
    1072,
    1082,
    1106,
    1165,
    1221,
    1032,
    982,
    985,
    1032,
    1028,
    1055,
    1109,
    1024,
    1005,
    1017,
    1000,
    1012,
    1024,
    1061,
    1177,
    1029,
    1027,
    1016,
    972,
    991,
    997,
    1044,
    1030,
    1096,
    1014,
    1042,
    992,
    1023,
    979,
    982,
    1000,
    1049,
    1121,
    1054,
    1022,
    1016,
    1027,
    996,
    994,
    990,
    978,
    992,
    1113,
    1184,
    1076,
    1041,
    1013,
    978,
    998,
    978,
    1015,
    1003,
    1020,
    993,
    1069,
    1013,
    1026,
    1018,
    1005,
    991,
    1011,
    1007,
    1010,
    969,
    1038,
    944,
    844,
    1028,
    1014,
    993,
    989,
    978,
    965,
    977,
    992,
    1050,
    1029,
    1079,
    1235,
    1071,
    1029,
    1007,
    1010,
    984,
    1008,
    1020,
    1023,
    1030,
    1123,
    1138,
    1100,
    1038,
    1036,
    1026,
    1001,
    988,
    973,
    998,
    1027,
    1042,
    1035,
    1081,
    1026,
    1021,
    1030,
    1027,
    965,
    981,
    987,
    1013,
    1035,
    1065,
    1108,
    1040,
    1042,
    997,
    1037,
    993,
    969,
    982,
    1045,
    1067,
    1040,
    1077,
    1091,
    1034,
    1002,
    1044,
    1018,
    982,
    966,
    1009,
    1041,
    1075,
    1104,
    1029,
    1029,
    1021,
    1031,
    1005,
    979,
    1020,
    1050,
    1070,
    1113,
    1067,
    1012,
    1020,
    995,
    1006,
    988,
    1006,
    1056,
    1083,
    1099,
    1071,
    1007,
    1016,
    1011,
    1022,
    989,
    1021,
    1029,
    1060,
    1113,
    1061,
    1037,
    1038,
    1044,
    1026,
    987,
    1002,
    1052,
    1078,
    1069,
    1104,
    1018,
    1020,
    1009,
    1027,
    1001,
    1011,
    1037,
    1060,
    1079,
    1096,
    1044,
    1037,
    1020,
    1021,
    955,
    973,
    1053,
    1060,
    1056,
    1107,
    1045,
    1041,
    1056,
    1026,
    1011,
    989,
    1006,
    1048,
    1064,
    1134,
    1030,
    1028,
    1056,
    1016,
    968,
    966,
    1012,
    1027,
    1021,
    1109,
    1047,
    1047,
    1051,
    1011,
    1005,
    986,
    979,
    1010,
    1030,
    1100,
    1027,
    1056,
    1050,
    1048,
    1019,
    982,
    989,
    1036,
    1044,
    1075,
    1133,
    1055,
    1078,
    1073,
    1066,
    1052,
    1045,
    1043,
    1051,
    1037,
    1108,
    1093,
    1061,
    1070,
    1049,
    1054,
    1035,
    1045,
    1038,
    1070,
    1072,
    1078,
    1050,
    1040,
    1051,
    1059,
    1043,
    1059,
    1074,
    1087,
    1090,
    1068,
    1094,
    1046,
    1056,
    1060,
    1031,
    1053,
    1057,
    1036,
    1073,
    1120,
    1101,
    1109,
    1068,
    1117,
    1063,
    1091,
    1045,
    1056,
    1119,
    1100,
    1128,
    1086,
    1144,
    1108,
    1158,
    1112,
    1088,
    1083,
    1077,
    1090,
    1085,
    1059,
    1074,
    1177,
    1117,
    1074,
    1103,
    1088,
    1113,
    1135,
    1137,
    1194,
    1217,
    1121,
    1102,
    1088,
    1092,
    1087,
    1151,
    1245,
    1272,
    1130,
    1111,
    1154,
    1028,
    1125,
    1132,
    1149,
    1164,
    1257,
    1279,
    952
  ],
  "ROIPoints" : [
    "[229.009002,105.085504]",
    "[227.445598,102.283555]",
    "[224.732543,99.917756]",
    "[222.049363,99.790086]",
    "[219.677304,102.696893]",
    "[219.449635,105.402635]",
    "[219.267261,108.037553]",
    "[219.135119,110.633828]",
    "[219.384780,113.254228]",
    "[220.085516,115.936967]",
    "[220.691696,118.571916]",
    "[220.809543,121.340303]",
    "[220.853932,124.120973]",
    "[220.614040,126.752260]",
    "[220.460486,129.577180]",
    "[221.868792,132.123407]",
    "[224.578478,133.123948]",
    "[227.125946,131.806329]",
    "[228.995538,129.130624]",
    "[230.621572,126.307122]",
    "[230.700664,123.510354]",
    "[230.328363,120.388368]",
    "[229.973582,117.761338]",
    "[229.377966,115.085237]",
    "[229.229614,112.421457]",
    "[229.259945,109.876497]",
    "[229.618256,107.293512]",
    "[228.727386,104.657502]"
  ]
}