{
  "DataSummary" : {
    "Max" : 1018,
    "Median" : 712,
    "Dev" : 122.38657379150391,
    "Name" : "",
    "AreaCM2" : 0.27658927917480469,
    "LengthPIX" : 56.333473205566406,
    "Mean" : 735.8297119140625,
    "LengthCM" : 2.1125040054321289,
    "AreaPIX2" : 196.68571472167969,
    "Total" : 168505,
    "Min" : 490,
    "Type" : "Pencil"
  },
  "Name" : "Unnamed",
  "ROI3DPoints" : [
    "[-31.696392,13.101316,-11.616747]",
    "[-31.696392,13.644178,-10.943130]",
    "[-31.696392,14.036367,-9.947861]",
    "[-31.696392,13.743994,-8.261826]",
    "[-31.696392,13.194586,-7.961355]",
    "[-31.696392,12.645189,-7.660885]",
    "[-31.696392,11.734091,-8.265162]",
    "[-31.696392,11.048704,-8.945696]",
    "[-31.696392,10.363317,-9.626230]",
    "[-31.696392,9.519201,-10.629917]",
    "[-31.696392,8.667372,-11.661121]",
    "[-31.696392,8.619146,-12.619501]",
    "[-31.696392,8.958773,-13.614702]",
    "[-31.696392,9.267717,-14.610950]",
    "[-31.696392,9.879885,-15.642035]",
    "[-31.696392,10.891153,-15.952341]",
    "[-31.696392,11.858820,-15.209225]",
    "[-31.696392,12.491243,-14.229130]",
    "[-31.696392,12.705328,-13.204317]",
    "[-31.696392,12.801619,-12.619730]"
  ],
  "Slice" : 79,
  "DataValues" : [
    793,
    810,
    781,
    823,
    815,
    793,
    771,
    761,
    821,
    893,
    776,
    775,
    729,
    746,
    749,
    833,
    905,
    952,
    785,
    760,
    688,
    689,
    723,
    749,
    780,
    850,
    932,
    1003,
    743,
    698,
    669,
    670,
    673,
    713,
    740,
    796,
    888,
    915,
    960,
    694,
    646,
    666,
    678,
    634,
    645,
    719,
    722,
    758,
    841,
    902,
    969,
    677,
    652,
    633,
    619,
    616,
    612,
    657,
    689,
    745,
    838,
    922,
    964,
    652,
    645,
    619,
    564,
    516,
    555,
    622,
    674,
    682,
    743,
    835,
    920,
    662,
    626,
    577,
    498,
    498,
    495,
    519,
    595,
    696,
    705,
    758,
    881,
    944,
    653,
    622,
    582,
    516,
    490,
    581,
    602,
    604,
    645,
    713,
    762,
    878,
    891,
    678,
    656,
    624,
    557,
    520,
    573,
    632,
    644,
    644,
    645,
    697,
    749,
    883,
    924,
    661,
    666,
    633,
    566,
    534,
    595,
    654,
    635,
    669,
    684,
    712,
    780,
    887,
    646,
    679,
    655,
    575,
    533,
    588,
    645,
    683,
    713,
    690,
    727,
    790,
    887,
    712,
    662,
    643,
    619,
    571,
    585,
    651,
    690,
    756,
    793,
    787,
    859,
    661,
    672,
    642,
    620,
    588,
    641,
    711,
    772,
    796,
    816,
    878,
    712,
    668,
    677,
    672,
    652,
    696,
    697,
    757,
    809,
    873,
    954,
    677,
    671,
    683,
    674,
    695,
    733,
    714,
    776,
    831,
    925,
    998,
    654,
    672,
    683,
    703,
    726,
    727,
    811,
    869,
    966,
    1015,
    663,
    644,
    675,
    730,
    777,
    800,
    862,
    917,
    995,
    668,
    688,
    711,
    772,
    833,
    844,
    888,
    960,
    1006,
    688,
    742,
    768,
    806,
    864,
    972,
    1018,
    783,
    835,
    917,
    961,
    979,
    896,
    985,
    982
  ],
  "ROIPoints" : [
    "[297.170502,235.177753]",
    "[298.618141,233.381443]",
    "[299.663956,230.727386]",
    "[298.884298,226.231297]",
    "[297.419233,225.430043]",
    "[295.954169,224.628789]",
    "[293.524580,226.240182]",
    "[291.696868,228.054946]",
    "[289.869156,229.869709]",
    "[287.618179,232.546207]",
    "[285.346634,235.296081]",
    "[285.218056,237.851760]",
    "[286.123726,240.505626]",
    "[286.947578,243.162292]",
    "[288.580002,245.911853]",
    "[291.276726,246.739330]",
    "[293.857178,244.757698]",
    "[295.543633,242.144111]",
    "[296.114517,239.411266]",
    "[296.371300,237.852367]"
  ]
}