{
  "DataSummary" : {
    "Max" : 1321,
    "Median" : 1044,
    "Dev" : 111.44788360595703,
    "Name" : "",
    "AreaCM2" : 0.049538941383361818,
    "LengthPIX" : 190.51957702636719,
    "Mean" : 1050.28369140625,
    "LengthCM" : 7.1444826126098633,
    "AreaPIX2" : 35.227691650390625,
    "Total" : 148090,
    "Min" : 740,
    "Type" : "Pencil"
  },
  "Name" : "Unnamed",
  "ROI3DPoints" : [
    "[-31.696392,-20.457687,13.475780]",
    "[-31.696392,-20.076782,15.161627]",
    "[-31.696392,-18.652508,14.704464]",
    "[-31.696392,-17.956724,14.819712]",
    "[-31.696392,-17.260946,14.934965]",
    "[-31.696392,-17.388885,14.915813]",
    "[-31.696392,-18.429405,12.851448]",
    "[-31.696392,-18.391405,11.862982]",
    "[-31.696392,-18.219933,10.859730]",
    "[-31.696392,-17.791981,9.861942]",
    "[-31.696392,-17.239929,9.126305]",
    "[-31.696392,-17.025301,8.712435]",
    "[-31.696392,-16.810673,8.298565]",
    "[-31.696392,-16.465548,8.137260]",
    "[-31.696392,-16.120422,7.975956]",
    "[-31.696392,-15.377523,8.846994]",
    "[-31.696392,-15.255804,9.320265]",
    "[-31.696392,-14.973856,10.245096]",
    "[-31.696392,-14.471163,11.521513]",
    "[-31.696392,-14.189060,12.199896]",
    "[-31.696392,-14.032637,12.308517]",
    "[-31.696392,-13.061033,12.090055]",
    "[-31.696392,-12.042910,11.840923]",
    "[-31.696392,-10.922813,11.625820]",
    "[-31.696392,-11.135965,10.691525]",
    "[-31.696392,-11.360704,9.848450]",
    "[-31.696392,-11.585443,9.005375]",
    "[-31.696392,-12.019203,7.486738]",
    "[-31.696392,-12.442944,5.843470]",
    "[-31.696392,-11.898657,4.724094]",
    "[-31.696392,-10.961420,3.947538]",
    "[-31.696392,-10.189648,3.758774]",
    "[-31.696392,-9.467056,4.049488]",
    "[-31.696392,-9.208872,5.061386]",
    "[-31.696392,-9.012068,4.201208]",
    "[-31.696392,-8.121981,3.368341]",
    "[-31.696392,-6.454205,3.130402]",
    "[-31.696392,-5.452023,3.545010]",
    "[-31.696392,-6.773689,2.641682]",
    "[-31.696392,-7.913132,2.767046]",
    "[-31.696392,-8.844383,3.031971]",
    "[-31.696392,-9.873499,3.142532]",
    "[-31.696392,-11.598576,3.777605]",
    "[-31.696392,-12.480446,4.370667]",
    "[-31.696392,-12.521347,5.088520]",
    "[-31.696392,-12.491352,6.048056]",
    "[-31.696392,-12.230879,6.866732]",
    "[-31.696392,-11.733376,8.528557]",
    "[-31.696392,-11.598867,9.339119]",
    "[-31.696392,-11.385195,9.974741]",
    "[-31.696392,-11.004427,11.432655]",
    "[-31.696392,-12.266041,11.675447]",
    "[-31.696392,-13.021849,11.725636]",
    "[-31.696392,-13.649391,12.049807]",
    "[-31.696392,-14.051090,11.812639]",
    "[-31.696392,-14.452789,11.575472]",
    "[-31.696392,-14.604366,11.172319]",
    "[-31.696392,-14.755949,10.769173]",
    "[-31.696392,-15.061810,9.963903]",
    "[-31.696392,-15.244875,9.270678]",
    "[-31.696392,-15.787571,8.628035]",
    "[-31.696392,-16.330267,7.985386]",
    "[-31.696392,-16.630692,8.290274]",
    "[-31.696392,-16.931110,8.595161]",
    "[-31.696392,-17.212767,8.903282]",
    "[-31.696392,-17.494429,9.211403]",
    "[-31.696392,-17.806108,10.217533]",
    "[-31.696392,-17.958252,11.166220]",
    "[-31.696392,-18.147903,12.110678]",
    "[-31.696392,-18.501120,13.424299]",
    "[-31.696392,-18.891844,14.733686]",
    "[-31.696392,-19.121664,15.211838]",
    "[-31.696392,-19.582987,15.548380]"
  ],
  "Slice" : 79,
  "DataValues" : [
    1028,
    1039,
    1044,
    1012,
    988,
    1108,
    963,
    942,
    989,
    1120,
    1164,
    954,
    1010,
    1037,
    1152,
    897,
    961,
    972,
    897,
    1066,
    1050,
    1047,
    1033,
    1133,
    1136,
    1088,
    998,
    1006,
    1079,
    1142,
    1172,
    1054,
    1004,
    1011,
    1054,
    1035,
    1106,
    1059,
    1178,
    1238,
    1102,
    1031,
    997,
    1009,
    971,
    1194,
    1022,
    984,
    1233,
    1035,
    934,
    1050,
    968,
    1272,
    1140,
    923,
    1042,
    1219,
    963,
    1071,
    1118,
    919,
    905,
    1052,
    1086,
    924,
    919,
    1146,
    945,
    944,
    932,
    1077,
    1093,
    898,
    959,
    991,
    1065,
    1064,
    970,
    888,
    993,
    1009,
    988,
    898,
    905,
    922,
    945,
    1146,
    1002,
    1088,
    1163,
    1174,
    1194,
    1116,
    1198,
    1154,
    1078,
    1226,
    1292,
    1292,
    1062,
    1042,
    1035,
    1153,
    1304,
    1226,
    1128,
    1262,
    921,
    995,
    1086,
    1321,
    996,
    740,
    913,
    902,
    982,
    1112,
    1228,
    1190,
    1225,
    835,
    748,
    1089,
    887,
    1106,
    961,
    964,
    1075,
    1082,
    1088,
    1150,
    1248,
    809,
    1071,
    1041,
    1099,
    1100,
    1107,
    988,
    1015
  ],
  "ROIPoints" : [
    "[207.679832,168.264348]",
    "[208.695579,163.768755]",
    "[212.493643,164.987857]",
    "[214.349057,164.680519]",
    "[216.204471,164.373182]",
    "[215.863292,164.424253]",
    "[213.088581,169.929229]",
    "[213.189905,172.565145]",
    "[213.647174,175.240472]",
    "[214.788379,177.901252]",
    "[216.260520,179.862941]",
    "[216.832856,180.966598]",
    "[217.405192,182.070255]",
    "[218.325532,182.500398]",
    "[219.245872,182.930540]",
    "[221.226935,180.607774]",
    "[221.551517,179.345725]",
    "[222.303379,176.879499]",
    "[223.643886,173.475727]",
    "[224.396167,171.666699]",
    "[224.813287,171.377040]",
    "[227.404239,171.959606]",
    "[230.119231,172.623956]",
    "[233.106153,173.197568]",
    "[232.537749,175.689029]",
    "[231.938447,177.937223]",
    "[231.339145,180.185418]",
    "[230.182454,184.235129]",
    "[229.052478,188.617177]",
    "[230.503910,191.602171]",
    "[233.003198,193.672989]",
    "[235.061271,194.176363]",
    "[236.988170,193.401124]",
    "[237.676672,190.702723]",
    "[238.201471,192.996533]",
    "[240.575049,195.217520]",
    "[245.022453,195.852023]",
    "[247.694926,194.746405]",
    "[244.170489,197.155279]",
    "[241.131972,196.820963]",
    "[238.648639,196.114496]",
    "[235.904330,195.819673]",
    "[231.304121,194.126142]",
    "[228.952463,192.544650]",
    "[228.843403,190.630364]",
    "[228.923391,188.071615]",
    "[229.617980,185.888475]",
    "[230.944650,181.456934]",
    "[231.303348,179.295447]",
    "[231.873135,177.600450]",
    "[232.888513,173.712678]",
    "[229.524221,173.065231]",
    "[227.508723,172.931392]",
    "[225.835280,172.066947]",
    "[224.764081,172.699389]",
    "[223.692882,173.331831]",
    "[223.288674,174.406901]",
    "[222.884466,175.481971]",
    "[222.068831,177.629342]",
    "[221.580664,179.477945]",
    "[220.133471,181.191669]",
    "[218.686278,182.905394]",
    "[217.885152,182.092361]",
    "[217.084026,181.279328]",
    "[216.332939,180.457672]",
    "[215.581852,179.636016]",
    "[214.750704,176.953004]",
    "[214.344985,174.423172]",
    "[213.839242,171.904620]",
    "[212.897339,168.401631]",
    "[211.855412,164.909921]",
    "[211.242556,163.634851]",
    "[210.012358,162.737413]"
  ]
}