{
  "DataSummary" : {
    "Max" : 1220,
    "Median" : 1054,
    "Dev" : 90.168144226074219,
    "Name" : "",
    "AreaCM2" : 0.05811525344848633,
    "LengthPIX" : 76.004493713378906,
    "Mean" : 1058.574951171875,
    "LengthCM" : 2.8501682281494141,
    "AreaPIX2" : 41.326400756835938,
    "Total" : 84686,
    "Min" : 712,
    "Type" : "Pencil"
  },
  "Name" : "Unnamed",
  "ROI3DPoints" : [
    "[-27.896393,-23.182428,25.101112]",
    "[-27.896393,-22.982449,24.567663]",
    "[-27.896393,-22.879200,24.049583]",
    "[-27.896393,-22.923786,23.528608]",
    "[-27.896393,-22.957134,23.037376]",
    "[-27.896393,-22.799623,22.357775]",
    "[-27.896393,-22.786005,21.836216]",
    "[-27.896393,-22.756508,21.316305]",
    "[-27.896393,-22.771683,20.821320]",
    "[-27.896393,-22.898626,21.399847]",
    "[-27.896393,-23.003986,22.029644]",
    "[-27.896393,-23.109152,22.516659]",
    "[-27.896393,-23.647121,22.748259]",
    "[-27.896393,-24.167931,22.467100]",
    "[-27.896393,-24.779789,22.244541]",
    "[-27.896393,-25.274105,22.045523]",
    "[-27.896393,-25.758585,21.604324]",
    "[-27.896393,-25.750351,22.084335]",
    "[-27.896393,-26.001657,22.887705]",
    "[-27.896393,-26.598993,23.252966]",
    "[-27.896393,-27.218451,23.406197]",
    "[-27.896393,-27.752409,23.556778]",
    "[-27.896393,-28.307236,23.910772]",
    "[-27.896393,-28.798994,24.446465]",
    "[-27.896393,-29.073618,25.018337]",
    "[-27.896393,-29.238522,25.627014]",
    "[-27.896393,-29.351641,26.179890]",
    "[-27.896393,-29.440304,26.684671]",
    "[-27.896393,-29.557909,27.262249]",
    "[-27.896393,-29.827154,27.775179]",
    "[-27.896393,-29.506880,27.048330]",
    "[-27.896393,-29.196138,26.313053]",
    "[-27.896393,-29.004381,25.792507]",
    "[-27.896393,-28.592731,25.255379]",
    "[-27.896393,-28.000443,24.753670]",
    "[-27.896393,-27.457306,24.459763]",
    "[-27.896393,-26.977163,24.234737]",
    "[-27.896393,-26.495996,23.922863]",
    "[-27.896393,-25.979874,23.434875]",
    "[-27.896393,-25.670803,22.873274]",
    "[-27.896393,-25.458973,22.379667]",
    "[-27.896393,-24.889149,22.511652]",
    "[-27.896393,-24.388985,22.908676]",
    "[-27.896393,-23.830605,23.305489]",
    "[-27.896393,-23.365665,23.825663]",
    "[-27.896393,-23.274845,24.353167]"
  ],
  "Slice" : 89,
  "DataValues" : [
    987,
    1075,
    1015,
    1032,
    1031,
    1006,
    1050,
    1041,
    1074,
    1039,
    1010,
    1052,
    1142,
    1054,
    1048,
    1027,
    962,
    1055,
    1120,
    1084,
    1053,
    1061,
    987,
    1100,
    895,
    1073,
    1105,
    1037,
    1056,
    1054,
    949,
    1020,
    951,
    1051,
    1106,
    1114,
    1099,
    1160,
    1050,
    964,
    1043,
    988,
    1110,
    1135,
    1187,
    1158,
    1129,
    1039,
    998,
    1149,
    1189,
    1183,
    1114,
    1180,
    1138,
    1057,
    972,
    1220,
    1212,
    1151,
    1185,
    1163,
    1075,
    982,
    1150,
    1147,
    1172,
    1022,
    1155,
    1142,
    1045,
    1081,
    983,
    973,
    985,
    845,
    988,
    817,
    923,
    712
  ],
  "ROIPoints" : [
    "[200.413848,137.263464]",
    "[200.947126,138.685995]",
    "[201.222451,140.067541]",
    "[201.103567,141.456796]",
    "[201.014629,142.766748]",
    "[201.434664,144.579019]",
    "[201.470972,145.969846]",
    "[201.549629,147.356275]",
    "[201.509164,148.676237]",
    "[201.170661,147.133493]",
    "[200.889695,145.454046]",
    "[200.609253,144.155336]",
    "[199.174665,143.537729]",
    "[197.785850,144.287489]",
    "[196.154219,144.880987]",
    "[194.836042,145.411691]",
    "[193.544093,146.588220]",
    "[193.566061,145.308191]",
    "[192.895911,143.165884]",
    "[191.303007,142.191850]",
    "[189.651128,141.783235]",
    "[188.227239,141.381689]",
    "[186.747693,140.437704]",
    "[185.436336,139.009183]",
    "[184.704007,137.484190]",
    "[184.264272,135.861059]",
    "[183.962620,134.386716]",
    "[183.726181,133.040632]",
    "[183.412568,131.500425]",
    "[182.694573,130.132612]",
    "[183.548647,132.070875]",
    "[184.377288,134.031622]",
    "[184.888646,135.419736]",
    "[185.986369,136.852087]",
    "[187.565813,138.189970]",
    "[189.014180,138.973730]",
    "[190.294562,139.573797]",
    "[191.577668,140.405462]",
    "[192.953990,141.706750]",
    "[193.778180,143.204359]",
    "[194.343068,144.520639]",
    "[195.862598,144.168680]",
    "[197.196362,143.109949]",
    "[198.685379,142.051794]",
    "[199.925218,140.664663]",
    "[200.167406,139.257978]"
  ]
}