{
  "DataSummary" : {
    "Max" : 1034,
    "Median" : 806,
    "Dev" : 81.469680786132812,
    "Name" : "",
    "AreaCM2" : 0.1945848846435547,
    "LengthPIX" : 55.568408966064453,
    "Mean" : 828.168701171875,
    "LengthCM" : 2.0838158130645752,
    "AreaPIX2" : 138.37147521972656,
    "Total" : 137476,
    "Min" : 702,
    "Type" : "Pencil"
  },
  "Name" : "Unnamed",
  "ROI3DPoints" : [
    "[-27.896393,14.758615,-6.518330]",
    "[-27.896393,14.804873,-6.018875]",
    "[-27.896393,14.587824,-5.506163]",
    "[-27.896393,14.403185,-4.967655]",
    "[-27.896393,14.244352,-4.461540]",
    "[-27.896393,14.209047,-3.938265]",
    "[-27.896393,14.275354,-3.412249]",
    "[-27.896393,13.732779,-2.957197]",
    "[-27.896393,13.239412,-2.842939]",
    "[-27.896393,12.667459,-3.015368]",
    "[-27.896393,12.115122,-3.065029]",
    "[-27.896393,11.600046,-2.955441]",
    "[-27.896393,11.132486,-3.469440]",
    "[-27.896393,11.432013,-4.033457]",
    "[-27.896393,11.688726,-4.548624]",
    "[-27.896393,11.536119,-5.085083]",
    "[-27.896393,11.097994,-5.566341]",
    "[-27.896393,10.594969,-6.009771]",
    "[-27.896393,10.173838,-6.520258]",
    "[-27.896393,9.796526,-7.014660]",
    "[-27.896393,10.287283,-7.268518]",
    "[-27.896393,10.840662,-7.299320]",
    "[-27.896393,11.402979,-7.337440]",
    "[-27.896393,11.903131,-7.439344]",
    "[-27.896393,12.425611,-7.623777]",
    "[-27.896393,12.922892,-8.070023]",
    "[-27.896393,13.178232,-8.656109]",
    "[-27.896393,13.368834,-9.195366]",
    "[-27.896393,13.635870,-9.689373]",
    "[-27.896393,14.168718,-9.511148]",
    "[-27.896393,14.649118,-8.886736]",
    "[-27.896393,14.807882,-8.354031]",
    "[-27.896393,14.894789,-7.841312]",
    "[-27.896393,14.943644,-7.348410]",
    "[-27.896393,14.991240,-6.827246]",
    "[-27.896393,14.968294,-6.304737]"
  ],
  "Slice" : 89,
  "DataValues" : [
    917,
    873,
    858,
    866,
    809,
    802,
    797,
    826,
    989,
    865,
    802,
    781,
    765,
    746,
    737,
    733,
    800,
    1003,
    858,
    806,
    760,
    749,
    745,
    745,
    747,
    835,
    1014,
    739,
    748,
    750,
    737,
    748,
    758,
    805,
    976,
    760,
    747,
    764,
    785,
    752,
    775,
    799,
    959,
    755,
    725,
    727,
    754,
    702,
    752,
    769,
    918,
    754,
    751,
    737,
    755,
    737,
    758,
    744,
    853,
    1002,
    820,
    804,
    705,
    750,
    740,
    727,
    720,
    736,
    739,
    806,
    964,
    873,
    806,
    778,
    767,
    790,
    741,
    740,
    730,
    743,
    747,
    789,
    923,
    1034,
    897,
    861,
    838,
    850,
    804,
    799,
    776,
    775,
    741,
    752,
    746,
    760,
    847,
    1012,
    1012,
    875,
    875,
    867,
    837,
    860,
    886,
    870,
    813,
    770,
    803,
    754,
    751,
    759,
    969,
    969,
    916,
    939,
    918,
    924,
    932,
    973,
    908,
    891,
    828,
    798,
    798,
    775,
    788,
    971,
    895,
    865,
    846,
    855,
    771,
    781,
    786,
    943,
    897,
    830,
    816,
    785,
    767,
    822,
    958,
    899,
    827,
    793,
    816,
    860,
    982,
    885,
    865,
    844,
    821,
    925,
    1003,
    826,
    844,
    880,
    970,
    873,
    859,
    901,
    998,
    881,
    882,
    943
  ],
  "ROIPoints" : [
    "[301.589954,221.581966]",
    "[301.713306,220.250095]",
    "[301.134533,218.882864]",
    "[300.642162,217.446831]",
    "[300.218593,216.097202]",
    "[300.124462,214.701802]",
    "[300.301281,213.299095]",
    "[298.854412,212.085621]",
    "[297.538753,211.780930]",
    "[296.013561,212.240740]",
    "[294.540661,212.373166]",
    "[293.167125,212.080929]",
    "[291.920284,213.451598]",
    "[292.719028,214.955648]",
    "[293.403599,216.329415]",
    "[292.996631,217.759984]",
    "[291.828319,219.043333]",
    "[290.486912,220.225820]",
    "[289.363888,221.587106]",
    "[288.357723,222.905519]",
    "[289.666416,223.582473]",
    "[291.142093,223.664617]",
    "[292.641613,223.766269]",
    "[293.975338,224.038013]",
    "[295.368610,224.529838]",
    "[296.694698,225.719820]",
    "[297.375599,227.282713]",
    "[297.883877,228.720729]",
    "[298.595966,230.038089]",
    "[300.016918,229.562822]",
    "[301.297977,227.897714]",
    "[301.721355,226.477178]",
    "[301.953090,225.109922]",
    "[302.083378,223.795511]",
    "[302.210308,222.405752]",
    "[302.149112,221.012386]"
  ]
}