{
  "DataSummary" : {
    "Max" : 1245,
    "Median" : 971,
    "Dev" : 97.340629577636719,
    "Name" : "",
    "AreaCM2" : 0.15539796829223634,
    "LengthPIX" : 209.21420288085938,
    "Mean" : 978.38677978515625,
    "LengthCM" : 7.8455357551574707,
    "AreaPIX2" : 110.50521850585938,
    "Total" : 207418,
    "Min" : 761,
    "Type" : "Pencil"
  },
  "Name" : "Unnamed",
  "ROI3DPoints" : [
    "[-27.896393,-9.614828,-4.699303]",
    "[-27.896393,-9.363590,-5.248316]",
    "[-27.896393,-9.383863,-5.777176]",
    "[-27.896393,-9.383011,-6.310722]",
    "[-27.896393,-9.357033,-6.978817]",
    "[-27.896393,-9.324005,-7.690931]",
    "[-27.896393,-9.307606,-8.216043]",
    "[-27.896393,-9.320126,-8.820143]",
    "[-27.896393,-9.330465,-9.334211]",
    "[-27.896393,-9.327570,-9.883287]",
    "[-27.896393,-9.360123,-10.507568]",
    "[-27.896393,-9.341612,-11.004637]",
    "[-27.896393,-9.255352,-11.645643]",
    "[-27.896393,-9.160875,-12.299564]",
    "[-27.896393,-9.068636,-12.795174]",
    "[-27.896393,-8.941269,-13.318123]",
    "[-27.896393,-8.796547,-13.906767]",
    "[-27.896393,-8.528469,-14.779173]",
    "[-27.896393,-8.306780,-15.313961]",
    "[-27.896393,-8.070059,-15.806097]",
    "[-27.896393,-7.793667,-16.300688]",
    "[-27.896393,-7.388380,-16.843435]",
    "[-27.896393,-6.974813,-17.349504]",
    "[-27.896393,-6.485498,-17.876030]",
    "[-27.896393,-5.965862,-18.404432]",
    "[-27.896393,-6.222570,-17.889265]",
    "[-27.896393,-6.714958,-17.266375]",
    "[-27.896393,-7.290653,-16.648102]",
    "[-27.896393,-7.825945,-16.075153]",
    "[-27.896393,-8.310637,-15.577089]",
    "[-27.896393,-8.793337,-15.144142]",
    "[-27.896393,-9.368191,-14.761486]",
    "[-27.896393,-9.922754,-14.646450]",
    "[-27.896393,-10.482410,-14.863224]",
    "[-27.896393,-11.034519,-15.359228]",
    "[-27.896393,-10.687689,-14.859556]",
    "[-27.896393,-10.344063,-14.363071]",
    "[-27.896393,-9.970510,-13.880835]",
    "[-27.896393,-9.775040,-13.350023]",
    "[-27.896393,-9.767447,-12.783186]",
    "[-27.896393,-9.844843,-12.241909]",
    "[-27.896393,-9.920202,-11.728556]",
    "[-27.896393,-9.988111,-11.234446]",
    "[-27.896393,-10.056427,-10.600929]",
    "[-27.896393,-10.097597,-9.978107]",
    "[-27.896393,-10.127506,-9.470945]",
    "[-27.896393,-10.119953,-8.947315]",
    "[-27.896393,-10.088465,-8.437555]",
    "[-27.896393,-10.022919,-7.923893]",
    "[-27.896393,-9.991951,-7.373901]",
    "[-27.896393,-9.988592,-6.772240]",
    "[-27.896393,-9.983294,-6.242458]",
    "[-27.896393,-10.042740,-5.708672]",
    "[-27.896393,-10.196932,-5.224638]",
    "[-27.896393,-10.399910,-4.684998]",
    "[-27.896393,-10.541748,-4.201725]",
    "[-27.896393,-10.704924,-3.711123]",
    "[-27.896393,-11.185141,-3.389915]",
    "[-27.896393,-11.698305,-3.401423]",
    "[-27.896393,-12.191528,-3.783472]",
    "[-27.896393,-12.500919,-4.273056]",
    "[-27.896393,-12.700939,-4.877596]",
    "[-27.896393,-12.763046,-5.487652]",
    "[-27.896393,-12.797796,-6.050180]",
    "[-27.896393,-12.787868,-6.680086]",
    "[-27.896393,-12.795422,-7.203722]",
    "[-27.896393,-12.833965,-7.827631]",
    "[-27.896393,-12.869453,-8.402136]",
    "[-27.896393,-12.904947,-8.976641]",
    "[-27.896393,-12.880468,-9.474453]",
    "[-27.896393,-12.879782,-10.004606]",
    "[-27.896393,-12.916059,-10.591837]",
    "[-27.896393,-12.958305,-11.178324]",
    "[-27.896393,-13.043135,-11.706200]",
    "[-27.896393,-13.131746,-12.246618]",
    "[-27.896393,-13.232059,-12.879110]",
    "[-27.896393,-13.296656,-13.377426]",
    "[-27.896393,-13.322439,-12.852114]",
    "[-27.896393,-13.294510,-12.199366]",
    "[-27.896393,-13.281189,-11.539711]",
    "[-27.896393,-13.254049,-10.899694]",
    "[-27.896393,-13.217525,-10.259878]",
    "[-27.896393,-13.186987,-9.765471]",
    "[-27.896393,-13.148706,-9.194519]",
    "[-27.896393,-13.099251,-8.691883]",
    "[-27.896393,-13.030014,-8.069868]",
    "[-27.896393,-12.992872,-7.517256]",
    "[-27.896393,-12.961939,-7.016479]",
    "[-27.896393,-12.932178,-6.534792]",
    "[-27.896393,-12.939520,-5.954262]",
    "[-27.896393,-12.993942,-5.448587]",
    "[-27.896393,-13.102438,-4.918165]",
    "[-27.896393,-13.371311,-4.405252]",
    "[-27.896393,-13.912445,-4.170076]",
    "[-27.896393,-14.400908,-4.177092]",
    "[-27.896393,-14.895430,-4.385489]",
    "[-27.896393,-15.411581,-4.694736]",
    "[-27.896393,-15.754824,-5.178850]",
    "[-27.896393,-15.823757,-5.698692]",
    "[-27.896393,-15.768705,-6.297573]",
    "[-27.896393,-15.693918,-6.826296]",
    "[-27.896393,-15.614216,-7.324137]",
    "[-27.896393,-15.689135,-6.748819]",
    "[-27.896393,-15.701220,-6.202559]",
    "[-27.896393,-15.722008,-5.596399]",
    "[-27.896393,-15.699320,-5.077084]",
    "[-27.896393,-15.668198,-4.573315]",
    "[-27.896393,-15.616413,-3.984413]",
    "[-27.896393,-15.548498,-3.383730]",
    "[-27.896393,-15.472515,-2.749739]",
    "[-27.896393,-15.382645,-2.237576]",
    "[-27.896393,-15.303257,-1.749187]",
    "[-27.896393,-15.191105,-1.223000]",
    "[-27.896393,-15.077477,-0.727711]",
    "[-27.896393,-15.124981,-1.344679]",
    "[-27.896393,-15.131830,-1.905548]",
    "[-27.896393,-15.076853,-2.402239]",
    "[-27.896393,-14.980339,-2.925915]",
    "[-27.896393,-14.837849,-3.502022]",
    "[-27.896393,-14.612406,-4.024645]",
    "[-27.896393,-14.119091,-4.188496]",
    "[-27.896393,-13.612925,-3.943621]",
    "[-27.896393,-13.114941,-3.478464]",
    "[-27.896393,-12.869179,-2.978935]",
    "[-27.896393,-12.747276,-2.446962]",
    "[-27.896393,-12.653624,-1.922262]",
    "[-27.896393,-12.318140,-2.457697]",
    "[-27.896393,-11.886446,-2.968264]",
    "[-27.896393,-11.388908,-3.209768]",
    "[-27.896393,-10.833372,-3.309080]",
    "[-27.896393,-10.302509,-3.357655]",
    "[-27.896393,-9.797081,-3.574852]",
    "[-27.896393,-9.498596,-4.058405]",
    "[-27.896393,-9.386364,-4.577040]",
    "[-27.896393,-9.382811,-5.060781]"
  ],
  "Slice" : 89,
  "DataValues" : [
    952,
    886,
    884,
    948,
    862,
    1024,
    1050,
    978,
    920,
    953,
    997,
    991,
    910,
    961,
    972,
    991,
    1007,
    959,
    958,
    961,
    978,
    991,
    973,
    993,
    958,
    955,
    933,
    963,
    952,
    1067,
    1077,
    1014,
    996,
    915,
    942,
    971,
    975,
    935,
    913,
    887,
    1054,
    1115,
    1004,
    1030,
    954,
    902,
    891,
    904,
    904,
    983,
    991,
    1072,
    1072,
    1032,
    953,
    880,
    1042,
    1090,
    1044,
    945,
    858,
    1054,
    951,
    936,
    886,
    1045,
    1153,
    1068,
    979,
    880,
    1051,
    894,
    1007,
    1131,
    1158,
    960,
    960,
    888,
    1101,
    906,
    1140,
    1211,
    939,
    939,
    842,
    922,
    1059,
    1201,
    999,
    860,
    851,
    971,
    1169,
    1014,
    850,
    876,
    1141,
    1012,
    860,
    891,
    1147,
    1019,
    827,
    781,
    902,
    1135,
    1044,
    781,
    909,
    1120,
    1028,
    943,
    1088,
    1035,
    898,
    960,
    1086,
    983,
    1008,
    917,
    935,
    1037,
    1017,
    986,
    933,
    932,
    1016,
    1002,
    1038,
    953,
    910,
    969,
    1013,
    1044,
    879,
    917,
    979,
    1058,
    993,
    869,
    883,
    959,
    1019,
    957,
    830,
    852,
    959,
    1033,
    922,
    816,
    856,
    933,
    1064,
    919,
    831,
    908,
    1013,
    868,
    902,
    1008,
    1068,
    828,
    879,
    989,
    958,
    857,
    910,
    1049,
    1019,
    804,
    925,
    1075,
    1055,
    784,
    979,
    1147,
    1070,
    792,
    1009,
    1245,
    1138,
    982,
    1037,
    1111,
    1215,
    1038,
    896,
    959,
    1023,
    1210,
    1181,
    864,
    938,
    1048,
    1173,
    824,
    915,
    949,
    1076,
    1164,
    765,
    1048,
    1171,
    1092,
    1134,
    1100,
    1016,
    920,
    867,
    869,
    842,
    761
  ],