{
  "DataSummary" : {
    "Max" : 1462,
    "Median" : 1150,
    "Dev" : 121.22221374511719,
    "Name" : "",
    "AreaCM2" : 0.081960010528564456,
    "LengthPIX" : 54.073356628417969,
    "Mean" : 1162.2117919921875,
    "LengthCM" : 2.0277509689331055,
    "AreaPIX2" : 58.282676696777344,
    "Total" : 98788,
    "Min" : 947,
    "Type" : "Pencil"
  },
  "Name" : "Unnamed",
  "ROI3DPoints" : [
    "[-27.896393,-24.967930,10.258966]",
    "[-27.896393,-24.400629,10.155540]",
    "[-27.896393,-24.118629,9.800367]",
    "[-27.896393,-23.621441,9.747862]",
    "[-27.896393,-23.129900,9.512743]",
    "[-27.896393,-23.195629,8.996082]",
    "[-27.896393,-23.370277,8.498173]",
    "[-27.896393,-23.355715,7.991961]",
    "[-27.896393,-23.338051,7.432579]",
    "[-27.896393,-23.398579,6.902826]",
    "[-27.896393,-23.490681,6.403200]",
    "[-27.896393,-23.594954,5.907333]",
    "[-27.896393,-23.731636,6.474068]",
    "[-27.896393,-23.828098,7.053339]",
    "[-27.896393,-23.907961,7.548565]",
    "[-27.896393,-24.092806,8.083708]",
    "[-27.896393,-24.461843,8.568611]",
    "[-27.896393,-25.001707,8.769524]",
    "[-27.896393,-25.487572,8.749949]",
    "[-27.896393,-26.006601,8.698233]",
    "[-27.896393,-26.491631,8.594818]",
    "[-27.896393,-26.493393,9.162233]",
    "[-27.896393,-26.627850,9.716431]",
    "[-27.896393,-26.938631,10.250338]",
    "[-27.896393,-27.277102,10.779942]",
    "[-27.896393,-27.509491,11.293604]",
    "[-27.896393,-27.626261,11.787348]",
    "[-27.896393,-27.613111,12.298235]",
    "[-27.896393,-27.326706,12.811033]",
    "[-27.896393,-26.866104,13.309681]",
    "[-27.896393,-27.031752,12.817608]",
    "[-27.896393,-27.088577,12.244419]",
    "[-27.896393,-27.008137,11.758554]",
    "[-27.896393,-26.764538,11.231806]",
    "[-27.896393,-26.248707,10.787798]",
    "[-27.896393,-25.851654,10.409737]"
  ],
  "Slice" : 89,
  "DataValues" : [
    1062,
    1160,
    1113,
    1179,
    1229,
    1182,
    1165,
    1147,
    1080,
    1137,
    1114,
    1062,
    1132,
    1205,
    1159,
    1029,
    1163,
    1252,
    1268,
    993,
    1150,
    1317,
    1338,
    1402,
    1421,
    1432,
    1462,
    1152,
    1307,
    1250,
    1268,
    1286,
    1313,
    1439,
    1403,
    1289,
    1219,
    1084,
    1150,
    1078,
    1025,
    1071,
    1131,
    1288,
    1316,
    1287,
    1239,
    1150,
    1036,
    962,
    987,
    1049,
    1069,
    1133,
    1261,
    1290,
    1202,
    947,
    976,
    976,
    982,
    988,
    1071,
    1073,
    1222,
    1315,
    1163,
    1083,
    1183,
    1196,
    1153,
    1129,
    1186,
    1096,
    1113,
    1160,
    1096,
    1159,
    1077,
    1150,
    1055,
    1078,
    994,
    1079,
    1001
  ],
  "ROIPoints" : [
    "[195.652508,176.842521]",
    "[197.165317,177.118314]",
    "[197.917315,178.065446]",
    "[199.243149,178.205459]",
    "[200.553927,178.832449]",
    "[200.378648,180.210205]",
    "[199.912911,181.537958]",
    "[199.951746,182.887865]",
    "[199.998856,184.379545]",
    "[199.837448,185.792221]",
    "[199.591839,187.124555]",
    "[199.313786,188.446870]",
    "[198.949295,186.935583]",
    "[198.692066,185.390848]",
    "[198.479099,184.070259]",
    "[197.986175,182.643209]",
    "[197.002076,181.350124]",
    "[195.562433,180.814357]",
    "[194.266803,180.866563]",
    "[192.882724,181.004478]",
    "[191.589314,181.280237]",
    "[191.584605,179.767131]",
    "[191.226063,178.289274]",
    "[190.397311,176.865524]",
    "[189.494714,175.453241]",
    "[188.875022,174.083480]",
    "[188.563628,172.766828]",
    "[188.598699,171.404459]",
    "[189.362438,170.037004]",
    "[190.590717,168.707269]",
    "[190.148983,170.019472]",
    "[189.997452,171.547971]",
    "[190.211961,172.843610]",
    "[190.861557,174.248279]",
    "[192.237108,175.432300]",
    "[193.295914,176.440462]"
  ]
}