{
  "DataSummary" : {
    "Max" : 1103,
    "Median" : 1008,
    "Dev" : 80.117294311523438,
    "Name" : "",
    "AreaCM2" : 0.11283831596374512,
    "LengthPIX" : 35.899208068847656,
    "Mean" : 979.20001220703125,
    "LengthCM" : 1.3462201356887817,
    "AreaPIX2" : 80.240577697753906,
    "Total" : 97920,
    "Min" : 754,
    "Type" : "Pencil"
  },
  "Name" : "Unnamed",
  "ROI3DPoints" : [
    "[-27.896393,-11.839136,8.429153]",
    "[-27.896393,-11.749912,8.954626]",
    "[-27.896393,-11.660694,9.480104]",
    "[-27.896393,-11.649015,10.015882]",
    "[-27.896393,-11.781996,10.545189]",
    "[-27.896393,-12.092262,11.038864]",
    "[-27.896393,-12.654888,11.467354]",
    "[-27.896393,-13.262815,11.563896]",
    "[-27.896393,-13.747902,11.410894]",
    "[-27.896393,-14.158527,10.924561]",
    "[-27.896393,-14.259430,10.428482]",
    "[-27.896393,-14.291496,9.909372]",
    "[-27.896393,-14.304497,9.352262]",
    "[-27.896393,-14.195257,8.393665]",
    "[-27.896393,-13.913687,7.494200]",
    "[-27.896393,-13.809437,7.022898]",
    "[-27.896393,-13.705193,6.551590]",
    "[-27.896393,-13.024492,5.995213]",
    "[-27.896393,-12.383789,6.505167]",
    "[-27.896393,-12.057398,7.696720]"
  ],
  "Slice" : 89,
  "DataValues" : [
    977,
    932,
    864,
    1008,
    1039,
    1025,
    962,
    953,
    994,
    1048,
    1059,
    1041,
    964,
    803,
    948,
    1011,
    1047,
    1048,
    1012,
    1008,
    921,
    754,
    922,
    996,
    986,
    1035,
    1085,
    1063,
    993,
    764,
    930,
    966,
    998,
    1025,
    1073,
    1059,
    1018,
    818,
    945,
    948,
    1011,
    1051,
    1071,
    1031,
    1016,
    820,
    943,
    952,
    1021,
    1041,
    1047,
    1039,
    1023,
    831,
    961,
    962,
    1050,
    1046,
    1103,
    1020,
    983,
    807,
    994,
    1005,
    1014,
    1084,
    1010,
    1002,
    824,
    988,
    1015,
    1011,
    1046,
    1022,
    990,
    1030,
    1029,
    1037,
    1002,
    1008,
    946,
    1016,
    1063,
    1082,
    1054,
    1038,
    903,
    1030,
    1043,
    1001,
    956,
    828,
    921,
    949,
    947,
    874,
    788,
    867,
    848,
    784
  ],
  "ROIPoints" : [
    "[230.662635,181.722015]",
    "[230.900552,180.320748]",
    "[231.138469,178.919481]",
    "[231.169624,177.490745]",
    "[230.814998,176.079252]",
    "[229.987632,174.762786]",
    "[228.487297,173.620147]",
    "[226.866155,173.362707]",
    "[225.572592,173.770704]",
    "[224.477586,175.067598]",
    "[224.208517,176.390468]",
    "[224.123001,177.774772]",
    "[224.088331,179.260398]",
    "[224.379642,181.816647]",
    "[225.130488,184.215222]",
    "[225.408486,185.472034]",
    "[225.686484,186.728846]",
    "[227.501686,188.212526]",
    "[229.210226,186.852645]",
    "[230.080600,183.675166]"
  ]
}