{
  "DataSummary" : {
    "Max" : 1441,
    "Median" : 1097,
    "Dev" : 93.759445190429688,
    "Name" : "",
    "AreaCM2" : 0.059407072067260744,
    "LengthPIX" : 24.071784973144531,
    "Mean" : 1114.3585205078125,
    "LengthCM" : 0.90269213914871216,
    "AreaPIX2" : 42.245029449462891,
    "Total" : 59061,
    "Min" : 1001,
    "Type" : "Pencil"
  },
  "Name" : "Unnamed",
  "ROI3DPoints" : [
    "[-27.896393,3.041994,24.132158]",
    "[-27.896393,3.107100,24.742031]",
    "[-27.896393,2.885530,25.375999]",
    "[-27.896393,2.670015,25.913414]",
    "[-27.896393,2.314150,26.459497]",
    "[-27.896393,1.797060,26.633831]",
    "[-27.896393,0.993216,26.435528]",
    "[-27.896393,0.468985,26.098974]",
    "[-27.896393,0.312235,25.550367]",
    "[-27.896393,0.595568,25.064743]",
    "[-27.896393,0.973040,24.570301]",
    "[-27.896393,1.363146,24.031118]",
    "[-27.896393,1.884184,23.720160]",
    "[-27.896393,2.473406,23.624779]",
    "[-27.896393,3.021566,23.953465]"
  ],
  "Slice" : 89,
  "DataValues" : [
    1059,
    1089,
    1113,
    1315,
    1005,
    1009,
    1110,
    1120,
    1182,
    1024,
    1015,
    1045,
    1080,
    1097,
    1153,
    1309,
    1044,
    1001,
    1010,
    1030,
    1075,
    1111,
    1175,
    1441,
    1023,
    1027,
    1057,
    1033,
    1149,
    1203,
    1370,
    1055,
    1053,
    1056,
    1104,
    1162,
    1191,
    1077,
    1056,
    1061,
    1105,
    1210,
    1162,
    1276,
    1079,
    1109,
    1114,
    1072,
    1199,
    1115,
    1044,
    1117,
    1170
  ],
  "ROIPoints" : [
    "[270.345646,139.847333]",
    "[270.519253,138.221006]",
    "[269.928394,136.530431]",
    "[269.353695,135.097326]",
    "[268.404720,133.641103]",
    "[267.025814,133.176214]",
    "[264.882221,133.705022]",
    "[263.484279,134.602491]",
    "[263.066295,136.065443]",
    "[263.821850,137.360441]",
    "[264.828426,138.678960]",
    "[265.868702,140.116781]",
    "[267.258159,140.945997]",
    "[268.829395,141.200353]",
    "[270.291164,140.323858]"
  ]
}