{
  "DataSummary" : {
    "Max" : 1475,
    "Median" : 1025,
    "Dev" : 132.53816223144531,
    "Name" : "Ilha",
    "AreaCM2" : 0.73010139465332036,
    "LengthPIX" : 120.45873260498047,
    "Mean" : 1025.701416015625,
    "LengthCM" : 4.5172019004821777,
    "AreaPIX2" : 519.1832275390625,
    "Total" : 590804,
    "Min" : 642,
    "Type" : "Pencil"
  },
  "Name" : "Ilha",
  "ROI3DPoints" : [
    "[-24.096392,1.719275,29.816401]",
    "[-24.096392,0.953001,30.416122]",
    "[-24.096392,0.217707,31.047934]",
    "[-24.096392,-0.748552,31.785179]",
    "[-24.096392,-1.092791,32.418537]",
    "[-24.096392,-2.007517,32.434982]",
    "[-24.096392,-2.142958,30.045431]",
    "[-24.096392,-1.977911,29.029551]",
    "[-24.096392,-1.921377,28.066294]",
    "[-24.096392,-2.442850,27.109282]",
    "[-24.096392,-3.145683,26.056688]",
    "[-24.096392,-4.022518,25.106989]",
    "[-24.096392,-4.640305,24.161964]",
    "[-24.096392,-4.914310,23.213312]",
    "[-24.096392,-4.866795,22.247671]",
    "[-24.096392,-3.902390,21.714663]",
    "[-24.096392,-2.356522,21.995718]",
    "[-24.096392,-2.950899,20.737692]",
    "[-24.096392,-3.359928,19.755119]",
    "[-24.096392,-3.507065,18.810633]",
    "[-24.096392,-2.521706,18.416561]",
    "[-24.096392,-1.551802,19.308702]",
    "[-24.096392,-0.588095,20.295732]",
    "[-24.096392,0.416822,21.216301]",
    "[-24.096392,1.466921,21.613199]",
    "[-24.096392,2.509066,21.785078]",
    "[-24.096392,3.468744,21.989475]",
    "[-24.096392,4.425116,22.480513]",
    "[-24.096392,5.304251,23.460699]",
    "[-24.096392,5.365179,24.425396]",
    "[-24.096392,4.776369,25.510862]",
    "[-24.096392,4.084677,26.492834]",
    "[-24.096392,3.138617,26.790300]",
    "[-24.096392,2.131594,26.122709]",
    "[-24.096392,1.291552,25.533516]",
    "[-24.096392,2.391375,26.645430]",
    "[-24.096392,2.984877,27.600897]",
    "[-24.096392,2.480913,28.599218]",
    "[-24.096392,2.100088,29.207809]"
  ],
  "Slice" : 99,
  "DataValues" : [
    963,
    972,
    1116,
    1001,
    928,
    940,
    1117,
    1042,
    957,
    914,
    914,
    1071,
    1071,
    1041,
    965,
    900,
    1073,
    1111,
    1083,
    1003,
    982,
    913,
    1046,
    1063,
    1085,
    1017,
    984,
    955,
    917,
    938,
    1107,
    1125,
    1105,
    1015,
    982,
    961,
    937,
    928,
    932,
    1127,
    1094,
    1033,
    955,
    953,
    911,
    916,
    922,
    1008,
    1186,
    1118,
    1034,
    1021,
    992,
    933,
    931,
    934,
    963,
    1005,
    1093,
    1259,
    1106,
    1012,
    977,
    988,
    940,
    915,
    917,
    914,
    955,
    1018,
    1288,
    1085,
    1009,
    996,
    964,
    930,
    891,
    920,
    933,
    929,
    990,
    1022,
    1245,
    1096,
    1018,
    1016,
    982,
    914,
    845,
    892,
    950,
    935,
    932,
    1002,
    1053,
    1175,
    1038,
    1044,
    1011,
    974,
    875,
    821,
    848,
    884,
    929,
    938,
    980,
    1049,
    1105,
    1053,
    1059,
    1002,
    965,
    792,
    786,
    838,
    872,
    912,
    933,
    939,
    1012,
    1074,
    1182,
    1085,
    1076,
    1049,
    971,
    871,
    768,
    825,
    883,
    914,
    913,
    948,
    972,
    1075,
    1122,
    1379,
    1202,
    1083,
    1085,
    1028,
    965,
    800,
    788,
    868,
    922,
    958,
    958,
    984,
    1023,
    1106,
    1126,
    1268,
    1139,
    1110,
    1053,
    1030,
    895,
    790,
    869,
    937,
    978,
    976,
    996,
    1031,
    1081,
    1058,
    1058,
    1044,
    1059,
    1168,
    1304,
    1243,
    1185,
    1149,
    1116,
    1032,
    959,
    802,
    790,
    901,
    965,
    996,
    1037,
    1054,
    1073,
    1025,
    1025,
    1007,
    983,
    982,
    1088,
    1130,
    1214,
    1155,
    1147,
    1115,
    1086,
    1020,
    880,
    743,
    822,
    958,
    1017,
    1049,
    1137,
    1140,
    1081,
    1081,
    1005,
    966,
    972,
    986,
    1006,
    1054,
    1124,
    1227,
    1145,
    1158,
    1140,
    1109,
    1023,
    973,
    798,
    718,
    891,
    966,
    1016,
    1102,
    1138,
    1110,
    1032,
    998,
    980,
    977,
    993,
    976,
    1057,
    1087,
    1216,
    1257,
    1168,
    1155,
    1152,
    1134,
    1044,
    995,
    871,
    738,
    750,
    881,
    1000,
    1020,
    1015,
    1047,
    1016,
    986,
    938,
    943,
    944,
    933,
    950,
    1008,
    1039,
    1117,
    1212,
    1146,
    1146,
    1140,
    1088,
    988,
    903,
    783,
    724,
    730,
    884,
    974,
    955,
    970,
    956,
    957,
    927,
    917,
    871,
    871,
    893,
    944,
    970,
    1030,
    1091,
    1233,
    1246,
    1195,
    1177,
    1145,
    1104,
    1058,
    901,
    839,
    754,
    742,
    699,
    809,
    932,
    979,
    987,
    974,
    916,
    892,
    799,
    809,
    820,
    907,
    911,
    923,
    995,
    1078,
    1155,
    1197,
    1183,
    1153,
    1151,
    1081,
    1032,
    963,
    936,
    905,
    891,
    775,
    730,
    792,
    867,
    866,
    809,
    713,
    688,
    691,
    794,
    839,
    875,
    900,
    945,
    966,
    1079,
    1197,
    1261,
    1319,
    1185,
    1153,
    1114,
    1100,
    1089,
    1059,
    1044,
    1070,
    1046,
    999,
    884,
    746,
    642,
    661,
    682,
    683,
    706,
    814,
    847,
    856,
    879,
    871,
    907,
    1002,
    1035,
    1090,
    1184,
    1209,
    1287,
    1153,
    1119,
    1158,
    1131,
    1054,
    1053,
    1103,
    1083,
    1064,
    1037,
    942,
    770,
    723,
    729,
    779,
    885,
    908,
    903,
    899,
    904,
    926,
    969,
    1012,
    1033,
    1028,
    1054,
    1042,
    1248,
    1149,
    1127,
    1113,
    1113,
    1094,
    1122,
    1109,
    1096,
    1067,
    1048,
    958,
    846,
    800,
    845,
    936,
    968,
    965,
    978,
    993,
    1009,
    1022,
    1045,
    1042,
    1029,
    1031,
    992,
    976,
    1237,
    1180,
    1184,
    1199,
    1193,
    1177,
    1132,
    1121,
    1114,
    1056,
    1037,
    953,
    876,
    892,
    962,
    971,
    1008,
    992,
    983,
    994,
    1028,
    1029,
    1135,
    1157,
    1058,
    1033,
    947,
    1127,
    1169,
    1185,
    1181,
    1183,
    1242,
    1201,
    1137,
    1035,
    990,
    955,
    935,
    977,
    972,
    983,
    989,
    1009,
    1099,
    1187,
    1233,
    1234,
    1376,
    1300,
    1061,
    1000,
    1227,
    1250,
    1279,
    1254,
    1244,
    1279,
    1224,
    1110,
    1014,
    1034,
    1002,
    972,
    999,
    1010,
    1014,
    1061,
    1166,
    1191,
    1198,
    1185,
    1219,
    1332,
    1157,
    1138,
    1029,
    1036,
    1009,
    1017,
    1017,
    1073,
    1085,
    1119,
    1113,
    1113,
    1173,
    1063,
    1014,
    984,
    1021,
    1012,
    1092,
    1098,
    1119,
    1160,
    1234,
    1172,
    1069,
    1058,
    1053,
    1087,
    1090,
    1112,
    1127,
    1138,
    1170,
    1090,
    1115,
    1098,
    1140,
    1115,
    1204,
    1137,
    1130,
    1084,
    1077,
    1099,
    1155,
    1130,
    1249,
    1103,
    1071,
    1100,
    1147,
    1153,
    1190,
    1238,
    1148,
    1143,
    1101,
    1168,
    1206,
    1260,
    1097,
    1123,
    1182,
    1226,
    1275,
    1475,
    1344,
    1266,
    1304,
    1311
  ],