{
  "DataSummary" : {
    "Max" : 1148,
    "Median" : 974,
    "Dev" : 67.303077697753906,
    "Name" : "Ilha",
    "AreaCM2" : 0.10237497329711914,
    "LengthPIX" : 47.127529144287109,
    "Mean" : 984.89794921875,
    "LengthCM" : 1.7672820091247559,
    "AreaPIX2" : 72.799980163574219,
    "Total" : 96520,
    "Min" : 833,
    "Type" : "Pencil"
  },
  "Name" : "Ilha",
  "ROI3DPoints" : [
    "[-24.096392,-12.384665,-15.964941]",
    "[-24.096392,-11.462923,-16.927853]",
    "[-24.096392,-11.209459,-17.882141]",
    "[-24.096392,-12.167856,-18.159706]",
    "[-24.096392,-12.510796,-19.106956]",
    "[-24.096392,-13.496464,-19.483192]",
    "[-24.096392,-13.604095,-18.516710]",
    "[-24.096392,-13.175451,-17.550880]",
    "[-24.096392,-13.639978,-16.601347]",
    "[-24.096392,-14.604057,-16.443007]",
    "[-24.096392,-15.539251,-15.354113]",
    "[-24.096392,-15.800772,-14.387138]",
    "[-24.096392,-15.585176,-13.410803]",
    "[-24.096392,-14.632318,-13.787691]",
    "[-24.096392,-14.243814,-14.847952]",
    "[-24.096392,-13.285755,-15.621590]"
  ],
  "Slice" : 99,
  "DataValues" : [
    1007,
    1130,
    965,
    907,
    986,
    1071,
    1025,
    944,
    998,
    1093,
    1075,
    960,
    898,
    927,
    1088,
    1071,
    1029,
    1047,
    913,
    1065,
    1131,
    1083,
    1123,
    1100,
    1071,
    1148,
    1147,
    1084,
    1055,
    1021,
    1070,
    1065,
    950,
    956,
    1006,
    984,
    1045,
    996,
    989,
    989,
    917,
    935,
    994,
    1001,
    953,
    968,
    959,
    963,
    934,
    906,
    833,
    898,
    954,
    934,
    933,
    950,
    989,
    974,
    969,
    920,
    966,
    945,
    978,
    1016,
    936,
    879,
    923,
    961,
    960,
    981,
    967,
    915,
    941,
    985,
    977,
    952,
    913,
    839,
    975,
    938,
    935,
    980,
    976,
    960,
    981,
    926,
    1086,
    1009,
    966,
    909,
    1082,
    1051,
    948,
    906,
    986,
    963,
    928,
    885
  ],
  "ROIPoints" : [
    "[229.207879,246.772931]",
    "[231.665865,249.340699]",
    "[232.341765,251.885464]",
    "[229.786048,252.625637]",
    "[228.871533,255.151638]",
    "[226.243089,256.154942]",
    "[225.956070,253.577652]",
    "[227.099117,251.002110]",
    "[225.860385,248.470017]",
    "[223.289510,248.047768]",
    "[220.795656,245.144059]",
    "[220.098270,242.565453]",
    "[220.673182,239.961895]",
    "[223.214134,240.966927]",
    "[224.250152,243.794293]",
    "[226.804984,245.857331]"
  ]
}