{
  "DataSummary" : {
    "Max" : 921,
    "Median" : 743,
    "Dev" : 49.5120849609375,
    "Name" : "Ilha",
    "AreaCM2" : 0.2982180976867676,
    "LengthPIX" : 53.662067413330078,
    "Mean" : 753.38232421875,
    "LengthCM" : 2.0123274326324463,
    "AreaPIX2" : 212.06620788574219,
    "Total" : 179305,
    "Min" : 647,
    "Type" : "Pencil"
  },
  "Name" : "Ilha",
  "ROI3DPoints" : [
    "[-24.096392,-47.139961,35.348499]",
    "[-24.096392,-46.999432,36.288261]",
    "[-24.096392,-47.084435,37.227581]",
    "[-24.096392,-47.265965,38.196865]",
    "[-24.096392,-47.716480,39.140545]",
    "[-24.096392,-48.706234,40.094410]",
    "[-24.096392,-49.796104,40.317875]",
    "[-24.096392,-50.836494,39.801483]",
    "[-24.096392,-51.721794,38.844864]",
    "[-24.096392,-52.210384,37.854366]",
    "[-24.096392,-52.334663,36.840496]",
    "[-24.096392,-52.466167,35.851685]",
    "[-24.096392,-52.670010,34.903801]",
    "[-24.096392,-52.327248,33.963627]",
    "[-24.096392,-51.310284,33.771946]",
    "[-24.096392,-50.293625,33.813866]",
    "[-24.096392,-49.310528,33.900135]",
    "[-24.096392,-48.297863,34.018330]",
    "[-24.096392,-47.345020,34.427872]"
  ],
  "Slice" : 99,
  "DataValues" : [
    836,
    821,
    825,
    743,
    699,
    799,
    830,
    806,
    777,
    756,
    743,
    772,
    758,
    749,
    807,
    739,
    787,
    730,
    762,
    715,
    738,
    760,
    761,
    745,
    921,
    839,
    801,
    731,
    762,
    742,
    714,
    738,
    788,
    778,
    749,
    725,
    761,
    764,
    728,
    741,
    723,
    725,
    743,
    727,
    718,
    740,
    810,
    781,
    908,
    810,
    740,
    712,
    706,
    700,
    744,
    756,
    704,
    719,
    732,
    786,
    794,
    773,
    734,
    764,
    708,
    695,
    681,
    693,
    680,
    703,
    713,
    719,
    753,
    778,
    823,
    813,
    811,
    755,
    728,
    729,
    718,
    721,
    729,
    711,
    702,
    726,
    729,
    766,
    814,
    802,
    818,
    760,
    703,
    696,
    713,
    723,
    717,
    708,
    732,
    725,
    727,
    778,
    811,
    823,
    847,
    735,
    710,
    680,
    696,
    735,
    719,
    727,
    722,
    715,
    740,
    765,
    734,
    761,
    845,
    845,
    752,
    714,
    699,
    709,
    709,
    704,
    709,
    730,
    722,
    720,
    722,
    764,
    788,
    821,
    846,
    765,
    691,
    682,
    687,
    697,
    720,
    727,
    727,
    719,
    709,
    741,
    760,
    754,
    753,
    794,
    816,
    787,
    722,
    700,
    709,
    721,
    744,
    772,
    710,
    741,
    736,
    719,
    733,
    766,
    779,
    802,
    825,
    720,
    687,
    693,
    694,
    714,
    745,
    758,
    737,
    737,
    735,
    725,
    762,
    761,
    786,
    780,
    819,
    734,
    651,
    663,
    647,
    685,
    702,
    734,
    752,
    766,
    719,
    782,
    759,
    759,
    766,
    841,
    839,
    690,
    703,
    682,
    741,
    746,
    757,
    734,
    775,
    771,
    802,
    781,
    787,
    764,
    800,
    702,
    689,
    714,
    754,
    752,
    798,
    803,
    791,
    780,
    778,
    807,
    842,
    842,
    839,
    666,
    693,
    756,
    819,
    882,
    868,
    826,
    861,
    892,
    888,
    862
  ],
  "ROIPoints" : [
    "[136.527098,109.937097]",
    "[136.901838,107.431062]",
    "[136.675177,104.926209]",
    "[136.191091,102.341447]",
    "[134.989714,99.824975]",
    "[132.350378,97.281327]",
    "[129.444044,96.685426]",
    "[126.669676,98.062470]",
    "[124.308874,100.613458]",
    "[123.005964,103.254777]",
    "[122.674559,105.958436]",
    "[122.323873,108.595269]",
    "[121.780294,111.122956]",
    "[122.694334,113.630090]",
    "[125.406233,114.141236]",
    "[128.117323,114.029450]",
    "[130.738928,113.799394]",
    "[133.439367,113.484208]",
    "[135.980276,112.392098]"
  ]
}