{
  "DataSummary" : {
    "Max" : 1598,
    "Median" : 1231,
    "Dev" : 141.53779602050781,
    "Name" : "Ilha",
    "AreaCM2" : 0.2557080841064453,
    "LengthPIX" : 102.09628295898438,
    "Mean" : 1240.8675537109375,
    "LengthCM" : 3.8286113739013672,
    "AreaPIX2" : 181.83685302734375,
    "Total" : 290363,
    "Min" : 563,
    "Type" : "Pencil"
  },
  "Name" : "Ilha",
  "ROI3DPoints" : [
    "[-24.096392,-14.329948,25.137041]",
    "[-24.096392,-13.875595,26.108765]",
    "[-24.096392,-14.775301,25.976460]",
    "[-24.096392,-15.543823,25.728987]",
    "[-24.096392,-16.312986,24.756222]",
    "[-24.096392,-17.116224,23.773117]",
    "[-24.096392,-17.895933,22.825249]",
    "[-24.096392,-18.295355,21.868420]",
    "[-24.096392,-18.498127,20.844448]",
    "[-24.096392,-18.300676,19.882967]",
    "[-24.096392,-17.522278,20.955416]",
    "[-24.096392,-17.071226,21.921474]",
    "[-24.096392,-16.100779,22.848108]",
    "[-24.096392,-15.107363,23.376648]",
    "[-24.096392,-14.168592,22.371645]",
    "[-24.096392,-13.848055,21.323795]",
    "[-24.096392,-14.241262,20.227016]",
    "[-24.096392,-14.543261,19.103172]",
    "[-24.096392,-14.918478,18.099274]",
    "[-24.096392,-15.104342,16.965153]",
    "[-24.096392,-14.773258,15.886524]",
    "[-24.096392,-13.827902,15.945066]",
    "[-24.096392,-13.909899,16.926060]",
    "[-24.096392,-13.901035,17.874512]",
    "[-24.096392,-13.760382,19.008175]",
    "[-24.096392,-13.484138,20.009150]",
    "[-24.096392,-12.835356,21.111084]",
    "[-24.096392,-12.298182,22.207954]",
    "[-24.096392,-11.773802,23.241728]",
    "[-24.096392,-11.043205,24.220238]",
    "[-24.096392,-10.550159,25.234694]",
    "[-24.096392,-11.530466,25.669386]",
    "[-24.096392,-12.574522,25.001915]",
    "[-24.096392,-13.548906,24.966507]"
  ],
  "Slice" : 99,
  "DataValues" : [
    1133,
    1186,
    1310,
    1275,
    1164,
    1190,
    1197,
    1341,
    1462,
    1383,
    1292,
    1198,
    1178,
    1150,
    1194,
    1190,
    1177,
    1134,
    1246,
    1436,
    1522,
    1499,
    1411,
    1207,
    1225,
    1209,
    1257,
    1283,
    1198,
    1236,
    1289,
    1251,
    1518,
    1519,
    1311,
    704,
    1235,
    1175,
    1210,
    1278,
    1283,
    1166,
    1364,
    1231,
    1273,
    1227,
    1262,
    1260,
    1364,
    804,
    1042,
    1476,
    1221,
    1326,
    1241,
    1353,
    1279,
    1259,
    1124,
    1328,
    1230,
    1160,
    1238,
    1256,
    1431,
    1520,
    1314,
    759,
    779,
    1348,
    1352,
    1479,
    1375,
    1348,
    1223,
    1238,
    1347,
    1147,
    1117,
    1157,
    1254,
    1246,
    1305,
    1397,
    1213,
    1027,
    1032,
    1328,
    1343,
    1381,
    1320,
    1214,
    1203,
    1340,
    1225,
    1148,
    1170,
    1166,
    1206,
    1134,
    1200,
    1207,
    1230,
    1337,
    1363,
    1390,
    1242,
    1227,
    1344,
    1216,
    1161,
    1134,
    1140,
    1136,
    1101,
    1193,
    1202,
    1281,
    1438,
    1355,
    1229,
    1240,
    1241,
    1325,
    1137,
    1127,
    1124,
    1127,
    1102,
    1201,
    1243,
    1448,
    1489,
    1248,
    1208,
    1255,
    1281,
    1179,
    1127,
    1088,
    1157,
    1129,
    1337,
    1325,
    1247,
    1193,
    1132,
    1271,
    1241,
    1155,
    1122,
    992,
    905,
    1290,
    1270,
    1225,
    1169,
    1296,
    1223,
    1147,
    959,
    563,
    1302,
    1351,
    1166,
    1173,
    1311,
    1233,
    1203,
    998,
    758,
    1384,
    1242,
    1167,
    1289,
    1195,
    1304,
    1202,
    1481,
    1308,
    1129,
    1248,
    1195,
    1334,
    1598,
    1579,
    1242,
    1111,
    1108,
    1370,
    1513,
    1290,
    1440,
    1491,
    1205,
    1290,
    1473,
    1402,
    1206,
    1325,
    1507,
    1279,
    1210,
    1398,
    1420,
    1215,
    1212,
    1404,
    1352,
    1191,
    1198,
    1409,
    1295,
    1170,
    1208,
    1389,
    1275,
    1169,
    1213,
    1365,
    1211,
    1147,
    1193,
    1286,
    1211,
    1166,
    1191,
    1227,
    1185,
    1169,
    1091,
    1125,
    1154,
    1122
  ],
  "ROIPoints" : [
    "[224.020457,137.167645]",
    "[225.232065,134.576386]",
    "[222.832855,134.929200]",
    "[220.783468,135.589120]",
    "[218.732365,138.183171]",
    "[216.590401,140.804784]",
    "[214.511175,143.332425]",
    "[213.446043,145.883969]",
    "[212.905314,148.614564]",
    "[213.431849,151.178510]",
    "[215.507577,148.318643]",
    "[216.710395,145.742497]",
    "[219.298253,143.271470]",
    "[221.947350,141.862031]",
    "[224.450751,144.542035]",
    "[225.305515,147.336297]",
    "[224.256963,150.261048]",
    "[223.451630,153.257966]",
    "[222.451043,155.935029]",
    "[221.955419,158.959348]",
    "[222.838297,161.835694]",
    "[225.359255,161.679582]",
    "[225.140591,159.063592]",
    "[225.164224,156.534398]",
    "[225.539309,153.511285]",
    "[226.275954,150.842030]",
    "[228.006036,147.903527]",
    "[229.438515,144.978543]",
    "[230.836861,142.221814]",
    "[232.785118,139.612451]",
    "[234.099901,136.907243]",
    "[231.485742,135.748055]",
    "[228.701594,137.527982]",
    "[226.103247,137.622399]"
  ]
}