{
  "DataSummary" : {
    "Max" : 1186,
    "Median" : 980,
    "Dev" : 64.942832946777344,
    "Name" : "Ilha",
    "AreaCM2" : 0.93426834106445311,
    "LengthPIX" : 135.4703369140625,
    "Mean" : 969.74932861328125,
    "LengthCM" : 5.0801358222961426,
    "AreaPIX2" : 664.36859130859375,
    "Total" : 692401,
    "Min" : 697,
    "Type" : "Pencil"
  },
  "Name" : "Ilha",
  "ROI3DPoints" : [
    "[-24.096392,-17.088581,44.205124]",
    "[-24.096392,-17.873875,45.209610]",
    "[-24.096392,-18.854301,45.741272]",
    "[-24.096392,-19.801300,46.040546]",
    "[-24.096392,-20.793537,46.245724]",
    "[-24.096392,-21.760300,46.040161]",
    "[-24.096392,-22.760382,45.836334]",
    "[-24.096392,-23.281677,45.758347]",
    "[-24.096392,-23.730131,46.816113]",
    "[-24.096392,-24.752043,47.499138]",
    "[-24.096392,-25.727057,47.785126]",
    "[-24.096392,-26.728987,47.784512]",
    "[-24.096392,-27.718254,47.368092]",
    "[-24.096392,-28.489248,46.325657]",
    "[-24.096392,-28.261082,45.280704]",
    "[-24.096392,-27.496513,44.326004]",
    "[-24.096392,-26.693304,43.314507]",
    "[-24.096392,-26.253353,42.255810]",
    "[-24.096392,-26.147278,41.179276]",
    "[-24.096392,-26.540211,40.185677]",
    "[-24.096392,-27.041353,39.229031]",
    "[-24.096392,-27.362795,38.227608]",
    "[-24.096392,-27.608591,37.185421]",
    "[-24.096392,-27.598618,36.157188]",
    "[-24.096392,-26.624931,35.565353]",
    "[-24.096392,-25.610458,35.619164]",
    "[-24.096392,-24.578081,36.433178]",
    "[-24.096392,-23.829123,37.655861]",
    "[-24.096392,-23.415522,38.645214]",
    "[-24.096392,-22.942028,39.588551]",
    "[-24.096392,-21.900833,40.489784]",
    "[-24.096392,-20.897913,40.744480]",
    "[-24.096392,-19.898855,40.414738]",
    "[-24.096392,-19.523415,39.375542]",
    "[-24.096392,-19.574902,38.420975]",
    "[-24.096392,-19.670128,37.384331]",
    "[-24.096392,-19.714697,36.347424]",
    "[-24.096392,-18.746944,35.661579]",
    "[-24.096392,-17.711575,36.714859]",
    "[-24.096392,-16.894157,37.736366]",
    "[-24.096392,-16.468609,38.676487]",
    "[-24.096392,-16.133137,39.667473]",
    "[-24.096392,-15.900885,40.634861]",
    "[-24.096392,-15.908146,41.711765]",
    "[-24.096392,-16.283672,42.650707]",
    "[-24.096392,-16.720963,43.611912]"
  ],
  "Slice" : 99,
  "DataValues" : [
    1077,
    1094,
    1054,
    1011,
    994,
    966,
    950,
    967,
    1058,
    1033,
    1016,
    1022,
    1018,
    1004,
    984,
    1000,
    997,
    1055,
    1045,
    1061,
    1041,
    1040,
    1024,
    1018,
    1010,
    1024,
    1025,
    1014,
    1039,
    1043,
    1046,
    1026,
    1007,
    1004,
    968,
    984,
    986,
    1015,
    1006,
    997,
    1020,
    1025,
    1079,
    1057,
    1045,
    1059,
    1042,
    1003,
    984,
    963,
    946,
    971,
    1005,
    1011,
    1015,
    1016,
    1024,
    1104,
    1058,
    1047,
    985,
    998,
    1062,
    1087,
    1044,
    1039,
    990,
    977,
    953,
    949,
    891,
    892,
    957,
    983,
    975,
    982,
    1019,
    1052,
    1073,
    1080,
    1043,
    1041,
    1023,
    1042,
    986,
    958,
    1045,
    1041,
    1057,
    1047,
    1026,
    939,
    862,
    931,
    969,
    981,
    961,
    952,
    980,
    1000,
    1008,
    1015,
    994,
    1021,
    1021,
    1007,
    1026,
    1015,
    1019,
    1028,
    976,
    1015,
    1023,
    1000,
    983,
    983,
    1018,
    925,
    858,
    895,
    951,
    972,
    1006,
    1003,
    1001,
    994,
    1022,
    982,
    1003,
    1015,
    1005,
    990,
    1028,
    990,
    995,
    1025,
    980,
    965,
    976,
    975,
    1006,
    1009,
    1006,
    977,
    1001,
    942,
    859,
    873,
    959,
    960,
    948,
    947,
    940,
    965,
    957,
    971,
    988,
    981,
    983,
    966,
    986,
    973,
    1017,
    1007,
    1016,
    993,
    978,
    983,
    1031,
    1047,
    1026,
    1040,
    962,
    999,
    863,
    837,
    933,
    963,
    993,
    972,
    947,
    967,
    992,
    992,
    988,
    968,
    993,
    973,
    953,
    955,
    957,
    960,
    972,
    966,
    993,
    1007,
    990,
    1045,
    1011,
    1010,
    957,
    968,
    827,
    853,
    955,
    943,
    924,
    920,
    917,
    923,
    960,
    973,
    940,
    920,
    856,
    880,
    907,
    956,
    980,
    1007,
    1001,
    1065,
    990,
    1039,
    971,
    1021,
    1009,
    990,
    979,
    934,
    822,
    888,
    946,
    927,
    959,
    955,
    974,
    943,
    987,
    900,
    858,
    878,
    924,
    932,
    954,
    946,
    944,
    965,
    1034,
    967,
    1021,
    967,
    1134,
    1029,
    1001,
    985,
    986,
    893,
    818,
    900,
    953,
    929,
    929,
    928,
    921,
    848,
    818,
    870,
    959,
    945,
    994,
    983,
    980,
    973,
    1038,
    1046,
    1045,
    1002,
    1013,
    937,
    1186,
    1013,
    966,
    1005,
    934,
    813,
    856,
    928,
    893,
    930,
    874,
    821,
    843,
    909,
    952,
    951,
    967,
    963,
    968,
    992,
    984,
    989,
    1008,
    976,
    1002,
    989,
    985,
    1068,
    1085,
    998,
    981,
    960,
    805,
    758,
    779,
    792,
    781,
    770,
    832,
    910,
    948,
    907,
    955,
    964,
    948,
    950,
    980,
    972,
    1008,
    1004,
    1020,
    988,
    985,
    958,
    998,
    1129,
    1053,
    987,
    1008,
    970,
    803,
    710,
    702,
    739,
    812,
    882,
    913,
    925,
    937,
    960,
    969,
    981,
    990,
    980,
    965,
    943,
    981,
    983,
    953,
    994,
    990,
    1018,
    1006,
    986,
    976,
    935,
    934,
    802,
    697,
    744,
    828,
    928,
    939,
    883,
    942,
    925,
    957,
    1016,
    1002,
    1023,
    1030,
    1019,
    987,
    956,
    1004,
    998,
    971,
    997,
    1016,
    1016,
    1064,
    945,
    955,
    942,
    900,
    788,
    753,
    880,
    928,
    931,
    920,
    920,
    970,
    972,
    994,
    990,
    1006,
    1026,
    1036,
    1019,
    980,
    955,
    947,
    972,
    973,
    983,
    990,
    968,
    1036,
    948,
    976,
    950,
    929,
    877,
    739,
    836,
    900,
    916,
    925,
    940,
    983,
    1021,
    1003,
    1015,
    1029,
    1025,
    1056,
    1074,
    1041,
    1005,
    997,
    989,
    972,
    976,
    971,
    990,
    980,
    1091,
    971,
    935,
    926,
    907,
    801,
    793,
    882,
    927,
    934,
    944,
    1038,
    1066,
    1074,
    1059,
    1016,
    990,
    993,
    977,
    976,
    961,
    982,
    973,
    1025,
    991,
    970,
    963,
    955,
    916,
    837,
    761,
    806,
    882,
    901,
    928,
    966,
    1098,
    1131,
    1062,
    1037,
    1005,
    985,
    1004,
    986,
    1000,
    990,
    1005,
    985,
    1039,
    966,
    930,
    890,
    847,
    785,
    745,
    841,
    904,
    892,
    935,
    1025,
    1142,
    1057,
    995,
    985,
    975,
    982,
    997,
    991,
    990,
    977,
    990,
    952,
    939,
    956,
    863,
    836,
    757,
    810,
    889,
    887,
    926,
    944,
    1036,
    1039,
    1013,
    1028,
    984,
    966,
    987,
    975,
    1001,
    1017,
    1012,
    943,
    952,
    921,
    903,
    855,
    817,
    856,
    898,
    919,
    940,
    958,
    1040,
    961,
    991,
    1003,
    968,
    969,
    999,
    1014,
    1002,
    1070,
    957,
    940,
    947,
    934,
    936,
    879,
    884,
    893,
    909,
    937,
    959,
    980,
    1017,
    982,
    1026,
    1004,
    993,
    1009,
    992,
    1013,
    1020,
    971,
    904,
    923,
    922,
    907,
    909,
    895,
    915,
    930,
    942,
    996,
    971,
    987,
    979,
    1003,
    996,
    954,
    965,
    1027,
    988,
    1058,
    945,
    952,
    960,
    967,
    932,
    925,
